<!--
# The MIT License (MIT)
#
# Copyright (c) 2015 Kyle A. Barlow
#
# Permission is hereby granted, free of charge, to any person obtaining a copy
# of this software and associated documentation files (the "Software"), to deal
# in the Software without restriction, including without limitation the rights
# to use, copy, modify, merge, publish, distribute, sublicense, and/or sell
# copies of the Software, and to permit persons to whom the Software is
# furnished to do so, subject to the following conditions:
#
# The above copyright notice and this permission notice shall be included in
# all copies or substantial portions of the Software.
#
# THE SOFTWARE IS PROVIDED "AS IS", WITHOUT WARRANTY OF ANY KIND, EXPRESS OR
# IMPLIED, INCLUDING BUT NOT LIMITED TO THE WARRANTIES OF MERCHANTABILITY,
# FITNESS FOR A PARTICULAR PURPOSE AND NONINFRINGEMENT. IN NO EVENT SHALL THE
# AUTHORS OR COPYRIGHT HOLDERS BE LIABLE FOR ANY CLAIM, DAMAGES OR OTHER
# LIABILITY, WHETHER IN AN ACTION OF CONTRACT, TORT OR OTHERWISE, ARISING FROM,
# OUT OF OR IN CONNECTION WITH THE SOFTWARE OR THE USE OR OTHER DEALINGS IN
# THE SOFTWARE.
-->

<ROSETTASCRIPTS>
        <SCOREFXNS>
	   <fa_talaris2014 weights=talaris2014/>
	   <fa_interface weights=interface/>
        </SCOREFXNS>

        <TASKOPERATIONS>
	  <ReadResfile name=rrf filename="%%pathtoresfile%%"/>
        </TASKOPERATIONS>

        <MOVERS>
	  <MinMover name=minmover scorefxn=fa_talaris2014  chi=1 bb=1 jump=ALL cartesian=0 type=lbfgs_armijo tolerance=0.001/>
	  <ddG name=ddgmover scorefxn=fa_talaris2014 chain_num=%%chainstomove%% repack_unbound=false repack_bound=false relax_bound=false task_operations=rrf/>
        </MOVERS>

        <FILTERS>
	  <DdGScan name=alascan task_operations=rrf repeats=1 scorefxn=fa_interface report_diffs=1 write2pdb=0 ddG_mover=ddgmover />
        </FILTERS>

	<MOVERS>
	  <ReportToDB name=alascan_reporter batch_description="interface_weights">
	    <feature name=ResidueFeatures/>
	    <feature name=PdbDataFeatures/>
	    <feature name=ScoreTypeFeatures/>
	    <feature name=ScoreFunctionFeatures scorefxn=fa_interface/>
	    <feature name=StructureScoresFeatures scorefxn=fa_interface/>
	    <feature name=ResidueScoresFeatures scorefxn=fa_interface/>
	    <feature name=DdGFeatures ddG_scan_mover=alascan/>
	  </ReportToDB>
	</MOVERS>

        <APPLY_TO_POSE>
        </APPLY_TO_POSE>

        <PROTOCOLS>
	  <Add mover_name=alascan_reporter/>
        </PROTOCOLS>

        <OUTPUT />
</ROSETTASCRIPTS>
