# 
# This dataset of experimental alanine scanning data for single mutations was compiled by the Kortemme Lab, UCSF from the following curated datasets:
#  - Guerois et al. [1]
#  - Potapov et al. [2]
#  - Kellogg et al. [3]
# and the ProTherm database [4, 5].
# 
# The DSSPType values give the DSSP secondary structure type assigned by mkdssp 2.2.1 [6, 7]. The DSSPSimpleType values values
# give a simple elision of the DSSP types: G, H, and I become H(elix); E becomes S(heet); and T, B, S, and C become O(ther).
#     
# [1] PMID:12079393
# [2] PMID:19561092
# [3] PMID:21287615
# [4] PMID:9847203
# [5] PMID:16381846
# [6] PMID:21071423
# [7] PMID:6667333

# This dataset was last updated on 2015-01-29.

# The RecordID below refers to the record ID in the original dataset. When no ID was specified, we added an ID based on the published order of the records.
# Mutations is an underscore-separated list of mutations. Each mutation takes the form "Chain Wildtype ResidueID Mutant".
# DDG is the aggregated (mean) DDG value used for analysis.
# IndividualDDGs lists the individual DDG values which can be used to filter out records with high variance.
# ResidueExposures is an underscore-separated list of exposure values, each one corresponding to its respective mutated position. Each exposure value is based on the solvent accessibility reported by DSSP divided by a maximum solvent accessibility for that residue type and represents whether the residue is buried (0.0) or exposed (1.0).
# DSSPTypes is an underscore-separated list of DSSP secondary structure assignments, each one corresponding to its respective mutated position.
# DSSPSimpleTypes is an underscore-separated list of DSSPSimpleType secondary structure assignments, each one corresponding to its respective mutated position.
# Note: The .json file accompanying this CSV file contains more information, including a list of publications from where the DDG values were taken.

#RecordID,PDBFileID,Mutations,DDG,ResidueExposures,DSSPTypes,DSSPSimpleTypes,IndividualDDGs
69,1A2P,A Q 104 A,0.09,0.671957671958,S,O,0.16_0.02
68,1A2P,A I 109 A,1.63,0.214285714286, ,O,1.27_2.22_1.4
80,1A2P,A V 10 A,3.47,0.0,H,H,3.47
71,1A2P,A R 110 A,-0.07,0.315352697095, ,O,-0.07
83,1A2P,A D 12 A,0.39,0.529801324503,H,H,0.39
86,1A2P,A Y 13 A,3.0,0.183406113537,H,H,3.0
51,1A2P,A L 14 A,4.53,0.0,H,H,4.53
58,1A2P,A Q 15 A,0.2,0.380952380952,H,H,0.2
55,1A2P,A T 16 A,0.5,0.657534246575,H,H,0.5
63,1A2P,A Y 17 A,1.67,0.56768558952,H,H,1.67
73,1A2P,A H 18 A,1.9,0.556701030928,S,O,1.9
65,1A2P,A N 23 A,2.2,0.0379746835443,T,O,2.2
77,1A2P,A I 25 A,3.68,0.0879120879121,E,S,3.68
84,1A2P,A T 26 A,1.67,0.260273972603, ,O,1.67
57,1A2P,A S 28 A,-0.6,0.655737704918,H,H,-0.6
62,1A2P,A E 29 A,1.2,0.551912568306,H,H,1.2
60,1A2P,A Q 31 A,0.185,0.650793650794,H,H,0.3_0.07
76,1A2P,A G 34 A,2.7,0.4,T,O,2.7
67,1A2P,A V 36 A,1.68,0.4125, ,O,1.68
79,1A2P,A V 45 A,1.17,0.275,H,H,1.17
56,1A2P,A I 4 A,0.75,0.351648351648, ,O,0.75
50,1A2P,A I 51 A,4.72,0.00549450549451,E,S,4.72
85,1A2P,A G 52 A,5.3,0.0588235294118,E,S,5.3
82,1A2P,A G 53 A,3.4,0.141176470588,E,S,3.4
53,1A2P,A D 54 A,2.86,0.23178807947,E,S,2.86
64,1A2P,A I 55 A,1.48,0.554945054945,E,S,1.48
75,1A2P,A N 58 A,2.0,0.183544303797, ,O,2.0
61,1A2P,A N 5 A,1.59,0.170886075949, ,O,1.59
89,1A2P,A K 66 A,-0.98,0.654028436019, ,O,-0.98
70,1A2P,A T 6 A,2.02,0.452054794521,S,O,2.02
72,1A2P,A E 73 A,2.3,0.0874316939891,E,S,2.3
87,1A2P,A I 76 A,1.66,0.0, ,O,1.66
52,1A2P,A N 77 A,1.45,0.455696202532,S,O,1.45
59,1A2P,A N 84 A,1.59,0.278481012658, ,O,1.59
54,1A2P,A S 85 A,-0.28,0.327868852459,S,O,-0.28
66,1A2P,A I 88 A,4.02,0.0,E,S,4.02
74,1A2P,A D 8 A,0.85,0.655629139073,H,H,0.85
78,1A2P,A S 91 A,2.41,0.016393442623,E,S,2.41
81,1A2P,A S 92 A,3.22,0.5,T,O,3.22
88,1A2P,A I 96 A,3.15,0.0,E,S,3.15
751,1ANF,A W 10 A,4.3,0.0926640926641,E,S,4.3
37,1AYE,A V 12A A,1.8,0.0,E,S,1.8
39,1AYE,A E 14A A,0.4,0.306010928962,E,S,0.4
42,1AYE,A D 36A A,0.0,0.0596026490066,E,S,0.0
43,1AYE,A K 39A A,2.3,0.289099526066,E,S,2.3
44,1AYE,A H 53A A,0.8,0.00515463917526,E,S,0.8
36,1AYE,A V 54A A,1.1,0.0125,E,S,1.1
38,1AYE,A N 60A A,0.4,0.246835443038,G,H,0.4
40,1AYE,A F 67A A,1.6,0.311926605505,H,H,1.6
41,1AYE,A I 77A A,1.9,0.357142857143,E,S,1.9
45,1AYF,A T 54 A,1.30736137667,0.267123287671,T,O,1.30736137667
46,1B26,A R 190 A,0.365,0.00829875518672,H,H,0.32_0.41
48,1B26,A K 193 A,-0.665,0.0805687203791,H,H,-0.35_-0.98
47,1B26,A E 231 A,0.65,0.453551912568,I,H,0.35_0.95
49,1B5M,A P 81 A,1.14722753346,0.440559440559,T,O,1.14722753346
106,1BF4,A E 12 A,0.29,0.415300546448,E,S,0.29
108,1BF4,A V 15 A,2.29,0.1,E,S,2.29
90,1BF4,A I 17 A,1.21,0.0164835164835,G,H,1.21
92,1BF4,A S 18 A,0.13,0.606557377049,G,H,0.13
94,1BF4,A V 23 A,0.23,0.00625,E,S,0.23
95,1BF4,A R 25 A,0.38,0.402489626556,E,S,0.38
97,1BF4,A I 30 A,2.72,0.0,E,S,2.72
99,1BF4,A S 31 A,-0.72,0.16393442623,E,S,-0.72
100,1BF4,A F 32 A,2.31,0.0,E,S,2.31
103,1BF4,A D 35 A,0.54,0.549668874172,E,S,0.54
105,1BF4,A T 41 A,0.84,0.424657534247,E,S,0.84
107,1BF4,A R 43 A,0.56,0.585062240664,E,S,0.56
91,1BF4,A V 46 A,1.63,0.0875,E,S,1.63
93,1BF4,A S 47 A,-0.18,0.459016393443,E,S,-0.18
102,1BF4,A V 4 A,2.12,0.0,E,S,2.12
96,1BF4,A L 55 A,3.92,0.0,H,H,3.92
98,1BF4,A L 56 A,1.45,0.233333333333,H,H,1.45
101,1BF4,A L 59 A,0.67,0.05,H,H,0.67
104,1BF4,A K 7 A,0.27,0.744075829384,E,S,0.27
110,1BPI,A Y 10 A,1.2,0.38864628821, ,O,1.2
114,1BPI,A T 11 A,0.0,0.465753424658, ,O,0.0
117,1BPI,A G 12 A,1.8,0.211764705882, ,O,1.8
144,1BPI,A P 13 A,1.6,0.454545454545,S,O,1.6
121,1BPI,A K 15 A,0.4,0.881516587678, ,O,0.4
126,1BPI,A R 17 A,0.3,0.9377593361, ,O,0.3
131,1BPI,A I 18 A,1.5,0.32967032967,E,S,1.5
135,1BPI,A I 19 A,2.1,0.565934065934,E,S,2.1
119,1BPI,A R 1 A,0.5,0.643153526971, ,O,0.5
140,1BPI,A R 20 A,1.8,0.182572614108,E,S,1.8
122,1BPI,A F 22 A,1.0,0.119266055046,E,S,1.0
127,1BPI,A Y 23 A,6.0,0.0480349344978,E,S,6.0
143,1BPI,A N 24 A,2.2,0.259493670886,E,S,2.2
147,1BPI,A K 26 A,0.0,0.995260663507,T,O,0.0
151,1BPI,A G 28 A,1.0,0.447058823529,T,O,1.0
111,1BPI,A L 29 A,0.0,0.55,E,S,0.0
124,1BPI,A P 2 A,1.3,0.41958041958, ,O,1.3
115,1BPI,A Q 31 A,1.0,0.375661375661,E,S,1.0
118,1BPI,A T 32 A,0.1,0.595890410959,E,S,0.1
123,1BPI,A V 34 A,1.2,0.38125,E,S,1.2
148,1BPI,A Y 35 A,4.7,0.0829694323144,E,S,4.7
128,1BPI,A G 36 A,2.1,0.0117647058824, ,O,2.1
112,1BPI,A G 37 A,2.45,0.435294117647,S,O,2.2_2.7
132,1BPI,A R 39 A,0.0,0.821576763485,S,O,0.0
129,1BPI,A D 3 A,-0.2,0.847682119205,G,H,-0.2
137,1BPI,A K 41 A,0.4,0.492890995261, ,O,0.4
141,1BPI,A R 42 A,0.5,0.688796680498,S,O,0.5
145,1BPI,A N 44 A,3.3,0.132911392405, ,O,3.3
136,1BPI,A F 45 A,6.8,0.0871559633028,B,O,6.8
149,1BPI,A K 46 A,-0.1,0.78672985782,S,O,-0.1
109,1BPI,A S 47 A,1.6,0.229508196721,S,O,1.6
113,1BPI,A E 49 A,0.2,0.68306010929,H,H,0.2
133,1BPI,A F 4 A,3.0,0.0779816513761,G,H,3.0
116,1BPI,A D 50 A,0.4,0.397350993377,H,H,0.4
120,1BPI,A M 52 A,1.7,0.588235294118,H,H,1.7
125,1BPI,A R 53 A,0.1,0.713692946058,H,H,0.1
130,1BPI,A T 54 A,0.1,0.369863013699,H,H,0.1
134,1BPI,A G 56 A,0.2,0.211764705882,S,O,0.2
139,1BPI,A G 57 A,0.2,0.458823529412, ,O,0.2
138,1BPI,A L 6 A,0.6,0.605555555556,G,H,0.6
142,1BPI,A E 7 A,1.5,0.300546448087,S,O,1.5
146,1BPI,A P 8 A,0.3,0.706293706294, ,O,0.3
150,1BPI,A P 9 A,0.8,0.328671328671, ,O,0.8
176,1BVC,A F 106 A,0.2,0.165137614679,H,H,0.2_0.2
152,1BVC,A E 109 A,-0.265,0.595628415301,H,H,-0.36_-0.17
163,1BVC,A I 111 A,1.84,0.0274725274725,H,H,1.84
174,1BVC,A V 114 A,1.45,0.03125,H,H,1.45
162,1BVC,A L 115 A,1.0,0.00555555555556,H,H,1.0_1.0
156,1BVC,A H 116 A,-0.16,0.448453608247,H,H,-0.16
164,1BVC,A S 117 A,0.26,0.573770491803,H,H,0.26
173,1BVC,A L 11 A,0.55,0.183333333333,H,H,0.5_0.5_0.6_0.6
166,1BVC,A F 123 A,0.3,0.0045871559633, ,O,0.3_0.3
182,1BVC,A G 129 A,-1.05,0.329411764706,H,H,-1.05
184,1BVC,A M 131 A,2.2,0.0,H,H,2.2
170,1BVC,A L 135 A,0.8,0.00555555555556,H,H,0.8_0.8
179,1BVC,A L 137 A,0.2,0.211111111111,H,H,0.1_0.1_0.3_0.3
159,1BVC,A V 13 A,0.05,0.025,H,H,0.1_0.1_0.0_0.0
158,1BVC,A K 140 A,-0.475,0.644549763033,H,H,-0.6_-0.35
177,1BVC,A I 142 A,1.51,0.010989010989,H,H,1.1_1.92
180,1BVC,A L 149 A,1.6,0.433333333333,H,H,1.6
168,1BVC,A E 18 A,0.6,0.51912568306,T,O,0.7_0.5
171,1BVC,A G 23 A,1.12,0.0941176470588,H,H,1.12
153,1BVC,A I 28 A,2.06,0.021978021978,H,H,2.06
155,1BVC,A L 29 A,0.39,0.0111111111111,H,H,0.39
183,1BVC,A I 30 A,1.9,0.0384615384615,H,H,1.9
186,1BVC,A L 32 A,2.04,0.0611111111111,H,H,2.04
157,1BVC,A D 44 A,0.175,0.788079470199,T,O,0.15_0.2
172,1BVC,A E 4 A,0.625,0.562841530055,H,H,0.7_0.55
178,1BVC,A T 51 A,1.41,0.431506849315,S,O,1.41
161,1BVC,A K 56 A,0.225,0.350710900474,H,H,0.25_0.2
165,1BVC,A D 60 A,0.125,0.377483443709,H,H,0.1_0.15
185,1BVC,A V 66 A,-0.75,0.3,H,H,-0.75
160,1BVC,A T 67 A,0.26,0.595890410959,H,H,0.26
169,1BVC,A L 69 A,1.18,0.0222222222222,H,H,1.18
175,1BVC,A K 77 A,0.035,0.483412322275,H,H,0.05_0.02
154,1BVC,A P 88 A,-0.59,0.587412587413,H,H,-0.59
181,1BVC,A Q 8 A,-0.98,0.460317460317,H,H,-1.07_-0.89
167,1BVC,A L 9 A,0.41,0.366666666667,H,H,0.41
187,1C2R,A P 35 A,2.0,0.13986013986, ,O,2.0
190,1C9O,A E 21 A,0.286806883365,0.989071038251,T,O,0.286806883365_0.286806883365
189,1C9O,A R 3 A,1.46988527725,0.688796680498,E,S,1.88814531549_1.05162523901
188,1C9O,A E 46 A,-0.0956022944551,0.355191256831,E,S,-0.0956022944551
197,1CSP,A F 15 A,2.27055449331,0.247706422018,E,S,2.27055449331
196,1CSP,A F 17 A,1.52963671128,0.266055045872,E,S,1.52963671128
195,1CSP,A F 27 A,0.764818355641,0.325688073394,E,S,0.764818355641
198,1CSP,A F 38 A,-0.143403441683,0.743119266055,S,O,-0.143403441683
490,1DYJ,A P 66 A,-1.3,0.377622377622, ,O,-1.3
491,1DYJ,A V 75 A,-0.1,0.0625,E,S,-0.1
492,1DYJ,A V 88 A,-0.39,0.29375, ,O,-0.39
216,1FKJ,A V 101 A,2.75,0.0,E,S,2.75_2.75
219,1FKJ,A L 106 A,2.32,0.166666666667,E,S,2.32_2.32
217,1FKJ,A T 21 A,1.6,0.191780821918,E,S,1.6_1.6
208,1FKJ,A V 23 A,2.97,0.0125,E,S,2.97_2.97
210,1FKJ,A V 24 A,3.19,0.0,E,S,3.19_3.19
200,1FKJ,A T 27 A,1.97,0.13698630137,E,S,1.97_1.97
203,1FKJ,A V 2 A,2.43,0.1875,E,S,2.43_2.43
211,1FKJ,A F 36 A,3.54,0.256880733945,E,S,3.54_3.54
204,1FKJ,A V 4 A,2.78,0.24375,E,S,2.78_2.78
213,1FKJ,A L 50 A,2.57,0.0611111111111,T,O,2.57_2.57
215,1FKJ,A V 55 A,2.13,0.175,S,O,2.13_2.13
218,1FKJ,A I 56 A,2.48,0.164835164835, ,O,2.48_2.48
199,1FKJ,A R 57 A,0.81,0.56846473029,H,H,0.81_0.81
202,1FKJ,A E 60 A,2.13,0.0983606557377,H,H,2.13_2.13
207,1FKJ,A E 61 A,0.84,0.387978142077,H,H,0.84_0.84
201,1FKJ,A V 63 A,2.97,0.0,H,H,2.97_2.97
205,1FKJ,A T 75 A,2.625,0.109589041096,E,S,2.65_2.6
206,1FKJ,A I 76 A,3.81,0.0,E,S,3.81_3.81
209,1FKJ,A I 91 A,1.54,0.0769230769231,B,O,1.54_1.54
212,1FKJ,A L 97 A,3.56,0.00555555555556,E,S,3.56_3.56
214,1FKJ,A V 98 A,2.16,0.1,E,S,2.16_2.16
220,1FLV,A G 87 A,0.13,0.0,E,S,0.13
240,1FMK,A L 100 A,1.79,0.0333333333333, ,O,1.79
244,1FMK,A S 101 A,0.82,0.508196721311, ,O,0.82
249,1FMK,A F 102 A,1.97,0.0504587155963,B,O,1.97
254,1FMK,A K 103 A,0.44,0.554502369668, ,O,0.44
258,1FMK,A K 104 A,0.09,0.497630331754,T,O,0.09
261,1FMK,A E 106 A,1.94,0.0437158469945, ,O,1.94
265,1FMK,A R 107 A,0.32,0.643153526971,E,S,0.32
224,1FMK,A L 108 A,2.26,0.0,E,S,2.26
229,1FMK,A Q 109 A,0.21,0.206349206349,E,S,0.21
238,1FMK,A I 110 A,0.32,0.00549450549451,E,S,0.32
241,1FMK,A V 111 A,0.77,0.5875,S,O,0.77
246,1FMK,A N 112 A,0.2,0.829113924051, ,O,0.2
251,1FMK,A N 113 A,-0.07,0.455696202532, ,O,-0.07
255,1FMK,A W 118 A,1.29,0.0926640926641,E,S,1.29
259,1FMK,A W 119 A,1.2,0.11583011583,E,S,1.2
262,1FMK,A L 120 A,1.64,0.6,E,S,1.64
226,1FMK,A H 122 A,0.62,0.40206185567,E,S,0.62
231,1FMK,A S 123 A,1.46,0.0,E,S,1.46
235,1FMK,A L 124 A,0.61,0.616666666667,T,O,0.61
239,1FMK,A S 125 A,-0.18,0.622950819672,T,O,-0.18
243,1FMK,A T 126 A,1.79,0.506849315068,T,O,1.79
248,1FMK,A Q 128 A,0.35,0.661375661376, ,O,0.35
253,1FMK,A T 129 A,1.11,0.664383561644,E,S,1.11
257,1FMK,A Y 131 A,1.52,0.28384279476,E,S,1.52
260,1FMK,A I 132 A,1.84,0.0,E,S,1.84
264,1FMK,A P 133 A,1.36,0.0,E,S,1.36
223,1FMK,A S 134 A,-0.24,0.172131147541,G,H,-0.24
228,1FMK,A N 135 A,0.14,0.386075949367,G,H,0.14
233,1FMK,A Y 136 A,-0.23,0.0305676855895,G,H,-0.23
237,1FMK,A V 137 A,1.18,0.075,E,S,1.18
245,1FMK,A P 139 A,0.14,0.363636363636,E,S,0.14
250,1FMK,A S 140 A,-0.44,0.254098360656,T,O,-0.44
225,1FMK,A T 85 A,0.64,0.246575342466,E,S,0.64
230,1FMK,A F 86 A,0.84,0.0183486238532,E,S,0.84
234,1FMK,A V 87 A,1.64,0.175,E,S,1.64
242,1FMK,A L 89 A,1.49,0.188888888889,S,O,1.49
247,1FMK,A Y 90 A,0.31,0.25327510917,S,O,0.31
252,1FMK,A D 91 A,0.43,0.556291390728, ,O,0.43
256,1FMK,A Y 92 A,2.27,0.0349344978166,B,O,2.27
263,1FMK,A S 94 A,-0.52,0.377049180328, ,O,-0.52
222,1FMK,A R 95 A,0.07,0.132780082988, ,O,0.07
227,1FMK,A T 96 A,-0.06,0.22602739726,S,O,-0.06
232,1FMK,A T 98 A,0.01,0.595890410959,S,O,0.01
236,1FMK,A D 99 A,0.56,0.0794701986755,B,O,0.56
279,1FTG,A E 107 A,-0.23,0.666666666667,H,H,-0.23
278,1FTG,A S 110 A,1.03,0.368852459016,H,H,1.03
280,1FTG,A V 117 A,2.05,0.08125, ,O,2.05
267,1FTG,A V 139 A,1.51,0.0,S,O,1.51
268,1FTG,A L 143 A,0.14,0.00555555555556,E,S,0.14
271,1FTG,A V 160 A,2.46,0.0,H,H,2.46
269,1FTG,A I 21 A,0.02,0.32967032967,H,H,0.02
272,1FTG,A I 22 A,0.85,0.0,H,H,0.67_1.03
281,1FTG,A V 31 A,2.39,0.025,E,S,2.39
221,1FTG,A H 34 A,0.83,0.216494845361,E,S,0.83
266,1FTG,A D 43 A,-0.09,0.251655629139,G,H,-0.09
273,1FTG,A L 50 A,-0.05,0.0,E,S,-0.05
275,1FTG,A G 68 A,-0.45,0.517647058824,H,H,-0.45
277,1FTG,A L 6 A,3.53,0.0,E,S,3.53
270,1FTG,A S 71 A,0.65,0.647540983607,T,O,0.65
274,1FTG,A N 97 A,0.83,0.20253164557,T,O,0.83
276,1FTG,A Q 99 A,-1.72,0.0,T,O,-1.72
283,1FXA,A R 42 A,2.4,0.327800829876,S,O,2.4
284,1FXA,A T 48 A,-0.1,0.253424657534,T,O,-0.1
282,1FXA,A F 65 A,1.0,0.376146788991,S,O,1.0
285,1G6N,A S 128 A,0.262906309751,0.549180327869,H,H,0.262906309751
286,1HFY,A T 38 A,1.3,0.0,T,O,1.6_1.0
291,1HFZ,A Y 103 A,2.39005736138,0.183406113537,G,H,2.39005736138
290,1HFZ,A H 107 A,0.788718929254,0.0773195876289,H,H,0.788718929254
287,1HFZ,A Q 117 A,0.956022944551,0.714285714286,G,H,0.956022944551
292,1HFZ,A H 32 A,2.12715105163,0.417525773196,H,H,2.12715105163
288,1HFZ,A V 42 A,0.932122370937,0.3875,E,S,0.932122370937
289,1HFZ,A Q 54 A,0.406309751434,0.0793650793651,T,O,0.406309751434
293,1HTI,A Q 179 A,-0.1,0.666666666667,H,H,-0.1
294,1HTI,A K 193 A,-1.0,0.492890995261,H,H,-1.0
301,1HZ6,A L 10 A,3.12,0.00555555555556,E,S,3.12
304,1HZ6,A I 11 A,1.37,0.296703296703,E,S,1.37
311,1HZ6,A F 12 A,3.12,0.0871559633028, ,O,3.12
318,1HZ6,A N 14 A,1.78,0.835443037975,T,O,1.78
323,1HZ6,A S 16 A,0.3,0.450819672131, ,O,0.3
325,1HZ6,A T 17 A,1.17,0.705479452055,E,S,1.17
328,1HZ6,A T 19 A,1.11,0.541095890411,E,S,1.11
296,1HZ6,A E 21 A,0.59,0.590163934426,E,S,0.59
300,1HZ6,A F 22 A,4.25,0.151376146789,E,S,4.25
306,1HZ6,A K 23 A,0.88,0.630331753555,E,S,0.88
309,1HZ6,A T 25 A,1.25,0.253424657534,S,O,1.25
326,1HZ6,A T 30 A,1.09,0.109589041096,H,H,1.09
330,1HZ6,A S 31 A,-0.41,0.647540983607,H,H,-0.41
315,1HZ6,A Y 36 A,2.46,0.331877729258,H,H,2.46
322,1HZ6,A D 38 A,1.21,0.456953642384,H,H,1.21
295,1HZ6,A L 40 A,2.44,0.138888888889,T,O,2.44
299,1HZ6,A K 41 A,-0.58,0.327014218009,H,H,-0.58
302,1HZ6,A K 42 A,-0.35,0.905213270142,H,H,-0.35
305,1HZ6,A N 44 A,0.34,0.316455696203,H,H,0.34
308,1HZ6,A E 46 A,0.23,0.699453551913, ,O,0.23
312,1HZ6,A T 48 A,0.97,0.630136986301,E,S,0.97
316,1HZ6,A V 49 A,0.92,0.2875,E,S,0.92
314,1HZ6,A V 4 A,1.22,0.14375,E,S,1.22
319,1HZ6,A D 50 A,0.2,0.754966887417,E,S,0.2
324,1HZ6,A V 51 A,1.14,0.55,E,S,1.14
329,1HZ6,A K 54 A,0.09,0.843601895735,G,H,0.09
297,1HZ6,A Y 56 A,1.66,0.384279475983,T,O,1.66
303,1HZ6,A T 57 A,1.83,0.0958904109589,E,S,1.83
307,1HZ6,A L 58 A,3.77,0.0166666666667,E,S,3.77
310,1HZ6,A N 59 A,1.73,0.291139240506,E,S,1.73
317,1HZ6,A T 5 A,1.63,0.280821917808,E,S,1.63
313,1HZ6,A I 60 A,4.72,0.0,E,S,4.72
320,1HZ6,A K 61 A,0.45,0.327014218009,E,S,0.45
321,1HZ6,A I 6 A,4.9,0.0,E,S,4.9
327,1HZ6,A K 7 A,0.92,0.374407582938,E,S,0.92
298,1HZ6,A N 9 A,1.87,0.215189873418,E,S,1.87
722,1IFC,A L 64 A,2.07,0.122222222222,T,O,2.07
331,1IOB,A T 9 A,2.1,0.0342465753425,E,S,2.1
367,1L63,A I 100 A,3.4,0.043956043956,H,H,3.4
376,1L63,A N 101 A,1.5,0.0,H,H,1.5
348,1L63,A M 102 A,2.9,0.0147058823529,H,H,2.9
356,1L63,A F 104 A,3.1,0.155963302752,H,H,3.1
346,1L63,A M 106 A,2.3,0.254901960784,H,H,2.3
337,1L63,A V 111 A,1.3,0.0,H,H,1.3
366,1L63,A T 115 A,0.14,0.568493150685,H,H,0.14
370,1L63,A N 116 A,-0.17,0.550632911392,H,H,-0.17
374,1L63,A S 117 A,-1.27,0.00819672131148,H,H,-1.27
349,1L63,A L 118 A,3.5,0.0722222222222,H,H,3.5
333,1L63,A R 119 A,0.18,0.497925311203,H,H,0.18
336,1L63,A M 120 A,0.2,0.122549019608,H,H,0.2
353,1L63,A L 121 A,4.2,0.0111111111111,H,H,4.2
340,1L63,A Q 122 A,0.24,0.492063492063,H,H,0.24
345,1L63,A Q 123 A,0.22,0.449735449735,T,O,0.22
361,1L63,A T 152 A,1.5,0.0,H,H,1.5
365,1L63,A F 153 A,3.8,0.00917431192661,H,H,3.8
338,1L63,A I 17 A,2.7,0.0989010989011,E,S,2.7
347,1L63,A D 20 A,0.3,0.324503311258, ,O,0.3
343,1L63,A I 27 A,3.15,0.0,E,S,3.9_2.4
369,1L63,A G 28 A,2.0,0.0,E,S,2.0
350,1L63,A I 29 A,2.6,0.021978021978,T,O,2.6
363,1L63,A L 33 A,3.6,0.0777777777778,E,S,3.6
357,1L63,A L 39 A,0.9,0.394444444444,H,H,0.9
332,1L63,A N 40 A,-0.32,0.753164556962,H,H,-0.32
335,1L63,A K 43 A,1.03,0.222748815166,H,H,1.03
339,1L63,A S 44 A,-0.34,0.606557377049,H,H,-0.34
344,1L63,A E 45 A,-0.01,0.377049180328,H,H,-0.01
342,1L63,A L 46 A,1.86,0.0,H,H,1.86
351,1L63,A D 47 A,0.95,0.245033112583,H,H,0.95
355,1L63,A K 48 A,0.56,0.658767772512,H,H,0.56
354,1L63,A I 50 A,2.9,0.203296703297,H,H,2.9
359,1L63,A I 58 A,3.2,0.021978021978, ,O,3.2
373,1L63,A T 59 A,1.5,0.465753424658, ,O,1.5
368,1L63,A L 66 A,3.9,0.0166666666667,H,H,3.9
352,1L63,A F 67 A,1.9,0.0596330275229,H,H,1.9
364,1L63,A N 68 A,-0.05,0.569620253165,H,H,-0.05
341,1L63,A M 6 A,1.9,0.0,H,H,1.9
371,1L63,A V 71 A,1.5,0.03125,H,H,1.5
362,1L63,A I 78 A,1.6,0.0,H,H,1.6
360,1L63,A L 7 A,3.9,0.0,H,H,4.1_3.7
372,1L63,A L 84 A,3.9,0.0,H,H,3.9
375,1L63,A V 87 A,2.8,0.01875,H,H,2.8
377,1L63,A L 91 A,3.1,0.0333333333333,S,O,3.1
334,1L63,A V 94 A,1.8,0.16875,H,H,1.8
358,1L63,A L 99 A,4.5,0.0,H,H,4.5
378,1LMB,3 M 40 A,2.1,0.107843137255,H,H,2.1
379,1LMB,3 P 78 A,1.6,0.391608391608,H,H,1.6
417,1LZ1,A V 100 A,0.262906309751,0.00625,H,H,0.262906309751
414,1LZ1,A G 105 A,0.621414913958,0.152941176471,G,H,0.621414913958
412,1LZ1,A I 106 A,0.932122370937,0.021978021978,G,H,0.932122370937
420,1LZ1,A V 110 A,-0.525812619503,0.4875,H,H,-0.525812619503
409,1LZ1,A N 118 A,-0.19120458891,1.03797468354,T,O,-0.19120458891
413,1LZ1,A T 11 A,-0.3824091778,0.198630136986,H,H,-0.3824091778
381,1LZ1,A V 121 A,1.43403441683,0.08125, ,O,1.43403441683
384,1LZ1,A V 125 A,1.31453154876,0.16875,T,O,1.31453154876
416,1LZ1,A G 127 A,0.549713193117,0.905882352941,T,O,0.549713193117
419,1LZ1,A G 129 A,-0.143403441683,0.870588235294, ,O,-0.143403441683
388,1LZ1,A V 130 A,0.836520076482,0.53125, ,O,0.836520076482
383,1LZ1,A G 16 A,1.3862332696,0.470588235294,T,O,1.3862332696
386,1LZ1,A G 19 A,1.76864244742,0.494117647059,T,O,1.76864244742
408,1LZ1,A K 1 A,0.597514340344,0.312796208531, ,O,0.597514340344
380,1LZ1,A R 21 A,-1.31453154876,0.663900414938,T,O,-1.31453154876
390,1LZ1,A G 22 A,1.79254302103,0.882352941176,T,O,1.79254302103
391,1LZ1,A I 23 A,2.53346080306,0.0824175824176,B,O,2.53346080306
387,1LZ1,A S 24 A,0.5258126195,0.360655737705, ,O,0.5258126195
399,1LZ1,A V 2 A,1.50573613767,0.60625,B,O,1.50573613767
392,1LZ1,A S 36 A,1.1233269598,0.147540983607,H,H,1.1233269598
394,1LZ1,A G 37 A,0.286806883365,0.447058823529,T,O,0.286806883365
385,1LZ1,A Y 38 A,2.48565965583,0.0917030567686,T,O,2.48565965583
418,1LZ1,A T 40 A,1.5057361377,0.00684931506849,T,O,1.5057361377
382,1LZ1,A T 43 A,0.3585086042,0.486301369863,E,S,0.3585086042
398,1LZ1,A G 48 A,-0.454110898662,0.988235294118,T,O,-0.454110898662
393,1LZ1,A R 50 A,-0.430210325048,0.643153526971,T,O,-0.430210325048
396,1LZ1,A S 51 A,0.2390057361,0.0,E,S,0.2390057361
389,1LZ1,A T 52 A,0.9082217973,0.0547945205479,E,S,0.9082217973
395,1LZ1,A I 56 A,3.70458891013,0.00549450549451,T,O,3.70458891013
397,1LZ1,A Q 58 A,-0.908221797323,0.042328042328,T,O,-0.908221797323
400,1LZ1,A I 59 A,1.72084130019,0.0164835164835,E,S,1.72084130019
401,1LZ1,A S 61 A,1.362332696,0.0,T,O,1.362332696
403,1LZ1,A G 68 A,0.119502868069,0.752941176471,S,O,0.119502868069
410,1LZ1,A G 72 A,0.358508604207,0.729411764706,T,O,0.358508604207
404,1LZ1,A V 74 A,0.358508604207,0.54375, ,O,0.358508604207
407,1LZ1,A C 77 A,4.6,0.157142857143,T,O,4.6
402,1LZ1,A H 78 A,0.143403441683,0.824742268041, ,O,0.143403441683
406,1LZ1,A S 80 A,-0.4780114723,0.516393442623,B,O,-0.4780114723
405,1LZ1,A I 89 A,2.70076481836,0.0384615384615, ,O,2.70076481836
411,1LZ1,A V 93 A,0.740917782027,0.01875,H,H,0.740917782027
415,1LZ1,A V 99 A,0.979923518164,0.025,H,H,0.979923518164
424,1PGA,A T 11 A,0.6,0.965753424658,S,O,0.6
425,1PGA,A E 15 A,0.47,0.628415300546,E,S,0.47
427,1PGA,A T 16 A,0.38,0.308219178082,E,S,0.38
429,1PGA,A T 18 A,0.46,0.212328767123,E,S,0.46
432,1PGA,A D 22 A,1.75,0.483443708609,S,O,1.75
435,1PGA,A T 25 A,-0.22,0.404109589041,H,H,-0.22
421,1PGA,A V 29 A,0.7,0.35625,H,H,0.7
428,1PGA,A Y 33 A,0.92,0.366812227074,H,H,0.92
434,1PGA,A N 37 A,-0.17,0.5,T,O,-0.17
437,1PGA,A V 39 A,1.72,0.04375, ,O,1.72
439,1PGA,A G 41 A,2.84,0.270588235294, ,O,2.84
438,1PGA,A D 46 A,1.74,0.516556291391,E,S,1.74
430,1PGA,A D 47 A,-0.49,0.58940397351,T,O,-0.49
436,1PGA,A T 49 A,0.72,0.568493150685,T,O,0.72
433,1PGA,A K 50 A,0.454110898662,0.270142180095,T,O,0.454110898662
422,1PGA,A T 51 A,1.87,0.116438356164,E,S,1.87
426,1PGA,A T 53 A,-0.1,0.253424657534,E,S,0.1_-0.3
431,1PGA,A V 54 A,2.93,0.00625,E,S,2.93
440,1PGA,A I 6 A,2.09,0.32967032967,E,S,2.09
423,1PGA,A L 7 A,1.85,0.0333333333333,E,S,1.85
441,1POH,A S 46 A,1.0,0.22131147541, ,O,0.9_1.1
453,1RGG,A D 33 A,6.1,0.112582781457,T,O,6.2_6.0
452,1RGG,A Q 38 A,-0.7,0.613756613757, ,O,-1.0_-0.4
451,1RGG,A N 39 A,2.2,0.120253164557, ,O,2.2
455,1RGG,A R 65 A,1.15,0.149377593361, ,O,1.0_1.3
454,1RGG,A D 79 A,-2.125,0.0993377483444,E,S,-2.8_-2.7_0.3_-3.3
457,1RN1,B S 12 A,1.23,0.286885245902, ,O,1.23
458,1RN1,B S 17 A,-0.67,0.508196721311,H,H,-0.67
462,1RN1,B N 36 A,-0.03,0.550632911392,T,O,-0.03
461,1RN1,B P 39 A,4.33,0.0629370629371,S,O,4.33
465,1RN1,B N 44 A,2.0,0.170886075949, ,O,2.0
466,1RN1,B D 49 A,0.5,1.04635761589, ,O,0.5
464,1RN1,B E 58 A,0.64,0.0710382513661,E,S,0.64
459,1RN1,B S 64 A,1.44,0.672131147541,T,O,1.44
456,1RN1,B D 76 A,3.7,0.0132450331126,E,S,3.7
467,1RN1,B N 81 A,2.87,0.00632911392405,E,S,2.87
463,1RN1,B H 92 A,0.621414913958,0.273195876289,S,O,0.621414913958
460,1RN1,B N 9 A,0.9,0.23417721519,E,S,0.9
469,1ROP,A D 30 A,-0.3,0.927152317881,T,O,-0.3
468,1ROP,A L 41 A,6.11854684512,0.461111111111,H,H,6.11854684512
470,1RRO,A P 21 A,0.74,0.615384615385,T,O,0.74
471,1RRO,A P 26 A,0.74,0.118881118881,H,H,0.74
486,1RTB,A I 106 A,4.37141491396,0.0,E,S,4.37141491396
489,1RTB,A I 107 A,2.84416826004,0.043956043956,E,S,2.84416826004
472,1RTB,A V 108 A,4.19933078394,0.0,E,S,4.19933078394
483,1RTB,A P 114 A,3.2,0.65034965035,T,O,3.2
475,1RTB,A V 116 A,0.664435946463,0.10625,E,S,0.664435946463
477,1RTB,A V 118 A,1.92160611855,0.1875,E,S,1.92160611855
487,1RTB,A H 119 A,-0.65,0.345360824742,E,S,-1.1_-0.2
482,1RTB,A D 121 A,1.46,0.0927152317881,E,S,0.72_2.2
474,1RTB,A S 123 A,-0.69,0.237704918033,E,S,-1.14_-0.46_-0.47
485,1RTB,A F 46 A,6.35755258126,0.0,E,S,6.35755258126
479,1RTB,A V 47 A,3.80019120459,0.0,E,S,3.80019120459
484,1RTB,A V 54 A,2.57887189293,0.0,H,H,2.57887189293
488,1RTB,A V 57 A,2.85133843212,0.0,G,H,2.85133843212
473,1RTB,A V 63 A,2.02437858509,0.2875,E,S,2.02437858509
480,1RTB,A S 75 A,2.5,0.0, ,O,2.5
476,1RTB,A I 81 A,2.98757170172,0.0,E,S,2.98757170172
478,1RTB,A P 93 A,2.7,0.692307692308,T,O,2.7
481,1RTB,A Y 97 A,12.0,0.0393013100437,E,S,12.0
493,1SHF,A E 107 A,1.27,0.109289617486, ,O,1.27
494,1SHF,A S 124 A,0.71,0.00819672131148,E,S,0.71
503,1SHG,A V 23 A,2.0,0.0125, ,O,2.0
505,1SHG,A T 24 A,1.1,0.383561643836, ,O,1.1
495,1SHG,A M 25 A,3.0,0.0147058823529,B,O,3.0
496,1SHG,A D 29 A,1.2,0.35761589404, ,O,1.2
497,1SHG,A K 43 A,1.0,0.303317535545,E,S,1.0
498,1SHG,A V 44 A,3.4,0.0,E,S,3.4
499,1SHG,A V 46 A,0.9,0.10625,E,S,0.9
504,1SHG,A N 47 A,0.310707457,0.930379746835,T,O,0.310707457
500,1SHG,A F 52 A,2.7,0.256880733945,E,S,2.7
501,1SHG,A V 53 A,2.2,0.0,E,S,2.2
502,1SHG,A V 58 A,2.4,0.075,E,S,2.4
517,1STN,A N 100 A,5.2,0.0,H,H,5.2
511,1STN,A E 101 A,1.9,0.229508196721,H,H,1.9
619,1STN,A L 103 A,4.6,0.0,H,H,4.6
605,1STN,A V 104 A,2.9,0.0,H,H,2.9
536,1STN,A R 105 A,1.4,0.307053941909,H,H,1.4
532,1STN,A Q 106 A,-0.1,0.433862433862,T,O,-0.1
522,1STN,A L 108 A,5.8,0.0444444444444,S,O,5.8
594,1STN,A E 10 A,1.3,0.136612021858,E,S,1.3
603,1STN,A K 110 A,1.3,0.497630331754,E,S,1.3
507,1STN,A V 111 A,4.45,0.09375,E,S,4.7_4.2
563,1STN,A Y 113 A,-0.05,0.768558951965, ,O,0.0_-0.1
530,1STN,A V 114 A,0.0,0.1625, ,O,0.0
585,1STN,A Y 115 A,0.3,0.71615720524,B,O,0.3
625,1STN,A K 116 A,-0.7,0.810426540284,T,O,-0.7
620,1STN,A P 117 A,-0.8,0.41958041958,T,O,-0.8
540,1STN,A N 118 A,2.05,0.0569620253165,B,O,2.1_2.0
561,1STN,A N 119 A,1.25,0.227848101266, ,O,1.3_1.2
531,1STN,A P 11 A,0.4,0.734265734266,E,S,0.4
581,1STN,A T 120 A,1.2,0.321917808219,T,O,1.2
544,1STN,A H 121 A,3.1,0.19587628866,T,O,3.1
534,1STN,A E 122 A,0.4,0.196721311475,H,H,0.4
554,1STN,A Q 123 A,0.4,0.619047619048,H,H,0.4
566,1STN,A H 124 A,-0.4,0.489690721649,H,H,-0.4
545,1STN,A L 125 A,4.9,0.0,H,H,4.9
557,1STN,A R 126 A,1.7,0.369294605809,H,H,1.7
528,1STN,A K 127 A,-0.2,0.682464454976,H,H,-0.2
621,1STN,A S 128 A,-0.7,0.0983606557377,H,H,-0.7
555,1STN,A E 129 A,2.4,0.0983606557377,H,H,2.4
576,1STN,A Q 131 A,0.2,0.333333333333,H,H,0.2
552,1STN,A K 133 A,1.4,0.407582938389,H,H,1.4
574,1STN,A K 134 A,-0.1,0.729857819905,H,H,-0.1
579,1STN,A E 135 A,0.7,0.469945355191,T,O,0.7
596,1STN,A K 136 A,0.8,0.701421800948,T,O,0.9_0.7
568,1STN,A L 137 A,2.3,0.266666666667, ,O,2.3
584,1STN,A N 138 A,1.05,0.316455696203,G,H,1.1_1.0
577,1STN,A I 139 A,3.5,0.247252747253,G,H,3.5
547,1STN,A T 13 A,0.7,0.671232876712,E,S,0.7
524,1STN,A S 141 A,0.4,0.860655737705, ,O,0.4
604,1STN,A L 14 A,2.3,0.255555555556,E,S,2.3
562,1STN,A I 15 A,2.65,0.395604395604,E,S,2.7_2.6
527,1STN,A K 16 A,0.2,0.54028436019,E,S,0.2
598,1STN,A I 18 A,2.5,0.236263736264,E,S,2.5
578,1STN,A D 19 A,0.1,0.0198675496689,E,S,0.1
514,1STN,A G 20 A,0.3,0.0,T,O,0.3
601,1STN,A D 21 A,-0.7,0.0331125827815,T,O,-0.7
570,1STN,A T 22 A,1.6,0.0616438356164,E,S,1.6
590,1STN,A V 23 A,2.9,0.0125,E,S,2.9
551,1STN,A K 24 A,0.2,0.388625592417,E,S,0.2
506,1STN,A L 25 A,2.7,0.0,E,S,2.7
600,1STN,A M 26 A,1.5,0.328431372549,E,S,1.5
571,1STN,A Y 27 A,3.5,0.109170305677,E,S,4.2_2.8
573,1STN,A K 28 A,0.7,0.744075829384,T,O,0.7
523,1STN,A G 29 A,1.25,0.858823529412,T,O,1.3_1.2
606,1STN,A Q 30 A,0.3,0.613756613757,E,S,0.3
548,1STN,A P 31 A,0.55,0.531468531469,E,S,0.6_0.5
622,1STN,A M 32 A,1.7,0.191176470588,E,S,1.7
592,1STN,A T 33 A,1.4,0.27397260274,E,S,1.4
607,1STN,A F 34 A,3.7,0.0,E,S,3.7
588,1STN,A R 35 A,1.4,0.136929460581,E,S,1.4
529,1STN,A L 36 A,3.5,0.0111111111111,E,S,3.5
553,1STN,A L 37 A,1.7,0.0777777777778,T,O,1.7
575,1STN,A L 38 A,1.65,0.0611111111111,T,O,1.7_1.6
612,1STN,A V 39 A,2.2,0.0,E,S,2.2
623,1STN,A D 40 A,-0.2,0.509933774834,E,S,-0.2
614,1STN,A T 41 A,0.0,0.0616438356164, ,O,0.0
567,1STN,A P 42 A,-0.1,0.111888111888, ,O,-0.1
616,1STN,A E 43 A,-0.3,0.262295081967, ,O,-0.3
515,1STN,A T 44 A,0.4,0.198630136986,S,O,0.4
595,1STN,A K 45 A,-0.3,0.57345971564,S,O,-0.3
521,1STN,A H 46 A,0.5,0.216494845361,B,O,0.5
589,1STN,A P 47 A,0.6,0.804195804196,T,O,0.6
617,1STN,A K 48 A,-0.1,0.947867298578,T,O,-0.1
520,1STN,A K 49 A,0.3,0.691943127962,T,O,0.3
537,1STN,A G 50 A,-0.25,0.329411764706,B,O,-0.2_-0.3
516,1STN,A V 51 A,0.25,0.59375,S,O,0.3_0.2
519,1STN,A E 52 A,0.1,0.218579234973, ,O,0.1
543,1STN,A K 53 A,0.2,0.739336492891,T,O,0.2
593,1STN,A Y 54 A,2.2,0.192139737991,T,O,2.2
611,1STN,A P 56 A,0.0,0.41958041958,H,H,0.0
542,1STN,A E 57 A,0.2,0.535519125683,H,H,0.2
599,1STN,A S 59 A,-0.4,0.22131147541,H,H,-0.4
510,1STN,A F 61 A,2.3,0.270642201835,H,H,2.3
538,1STN,A T 62 A,2.4,0.00684931506849,H,H,2.4
565,1STN,A K 63 A,0.5,0.42654028436,H,H,0.5
587,1STN,A K 64 A,-0.1,0.687203791469,H,H,-0.1
525,1STN,A M 65 A,2.0,0.18137254902,H,H,2.0
539,1STN,A V 66 A,2.2,0.025,H,H,2.2
564,1STN,A E 67 A,1.0,0.524590163934,H,H,1.0
613,1STN,A N 68 A,0.5,0.715189873418,T,O,0.5
602,1STN,A K 6 A,-0.3,1.17061611374, ,O,-0.3
609,1STN,A K 70 A,0.1,0.848341232227,S,O,0.1
512,1STN,A K 71 A,0.4,0.663507109005, ,O,0.4
509,1STN,A I 72 A,5.1,0.0769230769231,E,S,5.1
586,1STN,A E 73 A,1.2,0.322404371585,E,S,1.2
560,1STN,A V 74 A,3.1,0.0,E,S,3.1
608,1STN,A E 75 A,2.2,0.0382513661202,E,S,2.2
533,1STN,A F 76 A,4.0,0.0733944954128,E,S,4.0
526,1STN,A D 77 A,3.1,0.0132450331126, ,O,3.1
535,1STN,A K 78 A,0.6,0.644549763033,S,O,0.6
582,1STN,A L 7 A,1.6,0.25, ,O,1.6
508,1STN,A Q 80 A,0.1,0.661375661376, ,O,0.1
610,1STN,A R 81 A,1.1,0.514522821577,S,O,1.1
559,1STN,A T 82 A,0.9,0.541095890411,B,O,0.9
550,1STN,A D 83 A,3.8,0.23178807947, ,O,3.8
556,1STN,A K 84 A,-0.2,0.800947867299,T,O,-0.2
615,1STN,A Y 85 A,0.4,0.71615720524,T,O,0.4
558,1STN,A G 86 A,0.55,0.552941176471,S,O,0.6_0.5
513,1STN,A R 87 A,0.9,0.248962655602, ,O,0.9
569,1STN,A G 88 A,0.1,0.0117647058824,E,S,0.1
597,1STN,A L 89 A,2.6,0.144444444444,E,S,2.6
618,1STN,A H 8 A,0.4,0.587628865979, ,O,0.4
518,1STN,A Y 91 A,5.3,0.0,E,S,5.3
546,1STN,A I 92 A,4.0,0.00549450549451,E,S,4.0
541,1STN,A Y 93 A,6.5,0.0786026200873,E,S,6.5
572,1STN,A D 95 A,3.3,0.437086092715,T,O,3.3
591,1STN,A G 96 A,1.75,0.611764705882,T,O,1.8_1.7
580,1STN,A K 97 A,0.1,0.644549763033,E,S,0.1
549,1STN,A M 98 A,4.6,0.0833333333333,E,S,4.6
583,1STN,A V 99 A,3.2,0.00625,H,H,3.2
624,1STN,A K 9 A,1.4,0.440758293839, ,O,1.4
626,1SUP,A G 169 A,-0.3,0.0117647058824,T,O,-0.3
644,1TEN,A L 803 A,2.11,0.338888888889, ,O,2.11
632,1TEN,A P 806 A,2.74,0.048951048951, ,O,2.74
633,1TEN,A I 809 A,2.86,0.0714285714286,E,S,2.86
638,1TEN,A V 811 A,1.36,0.19375,E,S,1.36
643,1TEN,A I 821 A,3.67,0.0,E,S,3.67
647,1TEN,A P 826 A,1.73,0.027972027972, ,O,1.73
651,1TEN,A I 830 A,1.38,0.021978021978, ,O,1.38
629,1TEN,A I 833 A,3.28,0.0164835164835,E,S,3.28
634,1TEN,A L 835 A,4.29,0.0,E,S,4.29
636,1TEN,A Y 837 A,4.22,0.165938864629,E,S,4.22
649,1TEN,A P 843 A,0.46,0.783216783217,T,O,0.46
639,1TEN,A I 849 A,2.19,0.203296703297,E,S,2.19
641,1TEN,A L 851 A,2.99,0.0444444444444,E,S,2.99
646,1TEN,A Y 858 A,1.38,0.292576419214,E,S,1.38
648,1TEN,A I 860 A,2.06,0.0164835164835,E,S,2.06
627,1TEN,A L 863 A,4.22,0.0666666666667, ,O,4.22
630,1TEN,A P 865 A,0.93,0.426573426573,T,O,0.93
652,1TEN,A T 867 A,1.96,0.116438356164, ,O,1.96
635,1TEN,A V 871 A,2.81,0.0,E,S,2.81
637,1TEN,A L 873 A,3.06,0.00555555555556,E,S,3.06
640,1TEN,A S 875 A,-0.04,0.0,E,S,-0.04
642,1TEN,A S 882 A,2.82,0.0655737704918, ,O,2.82
645,1TEN,A P 884 A,0.11,0.48951048951, ,O,0.11
650,1TEN,A E 887 A,-1.61,0.387978142077,E,S,-1.61
628,1TEN,A F 889 A,5.43,0.0779816513761,E,S,5.43
631,1TEN,A T 891 A,3.43,0.171232876712, ,O,3.43
653,1TPK,A V 65 A,2.0,0.0,E,S,2.0
5,1U5P,A H 1772 A,-0.5,0.0567010309278,H,H,-0.5
31,1U5P,A F 1774 A,3.7,0.045871559633,H,H,3.7
12,1U5P,A R 1776 A,0.3,0.585062240664,H,H,0.3
34,1U5P,A M 1778 A,2.2,0.0,H,H,2.2
18,1U5P,A D 1779 A,0.2,0.456953642384,H,H,0.2
6,1U5P,A I 1785 A,3.6,0.010989010989,H,H,3.6
24,1U5P,A E 1787 A,-0.1,0.650273224044,H,H,-0.1
9,1U5P,A K 1788 A,0.0,0.123222748815,H,H,0.0
13,1U5P,A V 1792 A,0.2,0.025,H,H,0.2
32,1U5P,A T 1802 A,-0.3,0.58904109589,H,H,-0.3
15,1U5P,A V 1804 A,0.4,0.13125,H,H,0.4
3,1U5P,A N 1806 A,-0.2,0.670886075949,H,H,-0.2
19,1U5P,A L 1807 A,0.2,0.155555555556,H,H,0.2
10,1U5P,A K 1809 A,-0.4,0.772511848341,H,H,-0.4
22,1U5P,A H 1811 A,1.4,0.0773195876289,H,H,1.4
16,1U5P,A R 1813 A,-0.3,0.771784232365,H,H,-0.3
25,1U5P,A L 1814 A,2.8,0.0611111111111,H,H,2.8
27,1U5P,A L 1818 A,3.8,0.0,H,H,3.8
33,1U5P,A H 1821 A,2.3,0.175257731959,H,H,2.3
21,1U5P,A P 1823 A,-0.4,0.643356643357,H,H,-0.4
4,1U5P,A I 1825 A,2.8,0.032967032967,H,H,2.8
28,1U5P,A Q 1826 A,0.7,0.560846560847,H,H,0.7
7,1U5P,A V 1828 A,2.3,0.08125,H,H,2.3
35,1U5P,A D 1830 A,0.1,0.496688741722,H,H,0.1
8,1U5P,A K 1834 A,0.1,0.644549763033,H,H,0.1
11,1U5P,A L 1835 A,2.4,0.166666666667,H,H,2.4
17,1U5P,A I 1846 A,2.0,0.00549450549451,H,H,2.0
14,1U5P,A Q 1848 A,0.0,0.592592592593,H,H,0.0
20,1U5P,A L 1850 A,2.8,0.138888888889,H,H,2.8
26,1U5P,A F 1853 A,2.8,0.0,H,H,2.8
23,1U5P,A D 1855 A,-0.7,0.509933774834,H,H,-0.7
30,1U5P,A K 1858 A,0.4,0.507109004739,H,H,0.4
29,1U5P,A L 1860 A,3.8,0.0,H,H,3.8
2,1U5P,A Q 1862 A,-0.4,0.62962962963,H,H,-0.4
1,1U5P,A R 1867 A,0.0,0.0663900414938,H,H,0.0
654,1U5P,A L 1871 A,1.4,0.00555555555556,T,O,1.4
659,1VQB,A C 33 A,0.5,0.0,E,S,0.5
655,1VQB,A V 35 A,1.7,0.0625,E,S,1.7
662,1VQB,A L 37 A,7.7,0.611111111111, ,O,7.7
656,1VQB,A Y 41 A,0.4,0.82096069869,S,O,0.4
658,1VQB,A V 45 A,2.1,0.28125,E,S,2.1
657,1VQB,A I 47 A,5.8,0.0164835164835,E,S,5.8
660,1VQB,A L 49 A,6.1,0.0388888888889, ,O,6.1
661,1VQB,A M 77 A,2.1,0.406862745098,E,S,2.1
663,1WQ5,A C 118 A,1.36233269598,0.0,H,H,1.36233269598
670,1WQ5,A P 132 A,1.05162523901,0.426573426573, ,O,1.05162523901
668,1WQ5,A C 154 A,1.02772466539,0.0,E,S,1.02772466539
664,1WQ5,A P 207 A,1.8,0.328671328671, ,O,1.8
672,1WQ5,A P 28 A,2.5,0.391608391608,S,O,2.5
667,1WQ5,A E 49 A,0.3,0.00546448087432,E,S,0.3
671,1WQ5,A C 81 A,0.693116634799,0.0,H,H,0.693116634799
669,1WQ5,A P 96 A,2.12715105163,0.013986013986, ,O,2.12715105163
665,1WQ5,B P 1057 A,0.478011472,0.622377622378, ,O,0.478011472
674,1YCC,A C 102 A,-2.9,0.0, ,O,-2.9
673,1YCC,A N 52 A,-2.97,0.0822784810127,H,H,-2.97
675,1YCC,A K 73 A,0.45,0.824644549763,H,H,0.45
676,1YCC,A L 85 A,2.8,0.0222222222222, ,O,2.8
678,2BQA,A V 110 A,-0.0717017208413,0.4875,H,H,-0.0717017208413
679,2BQA,A V 121 A,1.7447418738,0.1125, ,O,1.7447418738
680,2BQA,A V 125 A,1.60133843212,0.16875,T,O,1.60133843212
681,2BQA,A V 130 A,1.12332695985,0.4375, ,O,1.12332695985
682,2BQA,A V 2 A,1.50573613767,0.61875,B,O,1.50573613767
677,2BQA,A V 74 A,0.430210325048,0.56875, ,O,0.430210325048
714,2CI2,I K 21 A,1.04,0.383886255924, ,O,1.04
696,2CI2,I T 22 A,0.85,0.397260273973, ,O,0.85
720,2CI2,I P 25 A,-3.4,0.454545454545,G,H,-3.4
685,2CI2,I E 26 A,1.03,0.486338797814,G,H,1.03
713,2CI2,I L 27 A,1.91,0.00555555555556,G,H,1.91
694,2CI2,I K 30 A,1.2,0.383886255924,S,O,1.2
704,2CI2,I S 31 A,1.02,0.147540983607,B,O,1.02
691,2CI2,I K 36 A,1.13,0.45971563981,H,H,1.13
701,2CI2,I K 37 A,0.99,0.630331753555,H,H,0.99
716,2CI2,I V 38 A,0.03,0.30625,H,H,0.0_0.06
706,2CI2,I L 40 A,1.21,0.427777777778,H,H,1.21
712,2CI2,I Q 41 A,0.54,0.804232804233,H,H,0.54
719,2CI2,I D 42 A,1.05,0.46357615894,H,H,1.05
684,2CI2,I K 43 A,1.245,0.0379146919431, ,O,1.85_0.64
692,2CI2,I P 44 A,1.575,0.72027972028,T,O,1.22_1.93
698,2CI2,I E 45 A,0.675,0.530054644809,T,O,0.78_0.57
689,2CI2,I I 48 A,3.4,0.214285714286,E,S,3.4
705,2CI2,I I 49 A,2.12,0.39010989011,E,S,2.12
702,2CI2,I L 51 A,1.74,0.216666666667,E,S,1.74
710,2CI2,I P 52 A,0.58,0.552447552448,E,S,0.58
718,2CI2,I V 53 A,0.64,0.46875,T,O,0.64
721,2CI2,I T 55 A,1.42,0.397260273973, ,O,1.42
686,2CI2,I I 56 A,1.28,0.901098901099, ,O,1.28
690,2CI2,I V 57 A,0.67,0.3625, ,O,0.67
715,2CI2,I T 58 A,0.68,0.732876712329, ,O,0.68
717,2CI2,I E 60 A,1.09,0.535519125683, ,O,1.06_1.12
695,2CI2,I R 62 A,1.02,0.477178423237, ,O,1.02
700,2CI2,I D 64 A,1.02,0.245033112583,T,O,1.02
693,2CI2,I V 66 A,4.97,0.0,E,S,4.97
687,2CI2,I R 67 A,1.305,0.186721991701,E,S,1.21_1.4
699,2CI2,I L 68 A,3.56,0.0,E,S,3.56
709,2CI2,I F 69 A,3.21,0.151376146789,E,S,3.21
703,2CI2,I V 70 A,1.13,0.06875,E,S,1.13
711,2CI2,I D 71 A,3.14,0.430463576159, ,O,3.14
683,2CI2,I N 75 A,1.22,0.29746835443,B,O,1.22
708,2CI2,I I 76 A,4.09,0.010989010989,B,O,4.09
697,2CI2,I V 79 A,1.51,0.2375, ,O,1.51
688,2CI2,I P 80 A,3.5,0.027972027972, ,O,3.5
707,2CI2,I V 82 A,1.45,0.125,E,S,1.45
733,2LZM,A V 103 A,1.91,0.05,H,H,1.91
728,2LZM,A Q 105 A,0.6,0.312169312169,H,H,0.6
736,2LZM,A G 113 A,-0.396,0.635294117647,T,O,-0.1_-0.3_-0.5_-0.54_-0.54
724,2LZM,A E 11 A,-1.1,0.196721311475,H,H,-1.1
730,2LZM,A E 128 A,-0.16,0.524590163934,H,H,-0.16
732,2LZM,A V 131 A,-0.39,0.5625,H,H,-0.39
734,2LZM,A L 133 A,4.3,0.00555555555556,H,H,4.3
723,2LZM,A V 149 A,2.87,0.0,H,H,2.87
729,2LZM,A T 157 A,0.5,0.335616438356,S,O,0.5
726,2LZM,A G 30 A,-0.1,0.188235294118,T,O,-0.1
725,2LZM,A P 37 A,0.0,0.846153846154,S,O,0.0
731,2LZM,A S 38 A,0.77,0.44262295082, ,O,0.77
735,2LZM,A I 3 A,0.7,0.10989010989,H,H,0.7
727,2LZM,A G 77 A,1.2,0.0352941176471,H,H,1.2
738,2RN2,A D 10 A,-3.3,0.0993377483444,E,S,-3.3
742,2RN2,A D 134 A,-1.30001434034,0.370860927152,H,H,-1.96_-0.85_-1.50573613767_-0.884321223709
745,2RN2,A G 23 A,-0.6,0.0,E,S,-0.7_-0.5_-0.5_-0.7
737,2RN2,A E 48 A,0.17,0.114754098361,H,H,0.28_0.06
743,2RN2,A S 68 A,-0.19120458891,0.016393442623,E,S,-0.19120458891
740,2RN2,A D 70 A,-0.495,0.390728476821, ,O,-1.08_0.09
739,2RN2,A V 74 A,2.8,0.00625,H,H,2.2_3.4
744,2RN2,A G 77 A,0.9,0.0,I,H,0.9
741,2RN2,A K 95 A,-0.1,0.663507109005,S,O,-0.1_-0.1
194,3CHY,A D 12 A,-2.5,0.0331125827815, ,O,-2.5
191,3CHY,A D 13 A,-2.7,0.430463576159,S,O,-2.7
193,3CHY,A F 14 A,-0.8,0.610091743119, ,O,-0.8
192,3CHY,A D 57 A,-3.3,0.046357615894,E,S,-3.3
747,3HHR,A S 71 A,1.26,0.245901639344, ,O,1.26
746,3HHR,A E 74 A,1.41,0.360655737705,H,H,1.41
750,3MBP,A P 133 A,0.3,0.251748251748,H,H,0.3
748,3MBP,A P 159 A,0.6,0.027972027972,H,H,1.5_0.7_1.0_1.1_-1.3
749,3MBP,A P 48 A,-0.5,0.258741258741,H,H,-0.5
753,3SSI,A M 103 A,2.15666666667,0.0,H,H,1.35_2.32_2.8
754,3SSI,A V 13 A,6.855,0.39375,E,S,6.78_6.93
752,3SSI,A M 73 A,-0.406666666667,0.911764705882, ,O,-0.54_-0.55_-0.13
755,451C,A F 7 A,-1.1,0.0963302752294,H,H,-1.1
761,4LYZ,A D 101 A,-0.76,0.662251655629,T,O,-0.76
756,4LYZ,A G 102 A,-0.0239005736138,0.694117647059,S,O,-0.0239005736138
757,4LYZ,A G 117 A,1.45793499044,0.952941176471,T,O,1.45793499044
762,4LYZ,A G 49 A,1.92,0.235294117647,S,O,1.92
758,4LYZ,A I 55 A,4.4,0.021978021978,T,O,4.4
764,4LYZ,A G 67 A,1.27,0.835294117647,S,O,1.27
763,4LYZ,A G 71 A,0.38240917782,0.364705882353,T,O,0.38240917782
760,4LYZ,A S 91 A,0.15,0.00819672131148,H,H,0.15
759,4LYZ,A C 94 A,4.78011472275,0.0214285714286,H,H,4.78011472275
776,5AZU,A Y 108 A,3.58508604207,0.0174672489083,E,S,3.58508604207
778,5AZU,A F 110 A,5.01912045889,0.0,E,S,5.01912045889
766,5AZU,A M 121 A,2.86806883365,0.0,S,O,2.86806883365
775,5AZU,A I 20 A,1.97179732314,0.0384615384615,E,S,2.39005736138_1.55353728489
777,5AZU,A V 22 A,1.67304015296,0.0,E,S,1.67304015296
765,5AZU,A V 31 A,1.67304015296,0.0,E,S,1.67304015296
767,5AZU,A L 33 A,1.67304015296,0.0,E,S,1.67304015296
768,5AZU,A W 48 A,3.34608030593,0.0, ,O,3.34608030593
769,5AZU,A L 50 A,1.79254302103,0.0,E,S,1.79254302103
771,5AZU,A V 5 A,0.956022944551,0.1875,E,S,0.956022944551
773,5AZU,A I 7 A,3.34608030593,0.0,E,S,3.34608030593
770,5AZU,A I 81 A,1.9120458891,0.192307692308,S,O,1.43403441683_2.39005736138
772,5AZU,A V 95 A,0.956022944551,0.14375,E,S,0.956022944551
774,5AZU,A F 97 A,2.62906309751,0.045871559633,E,S,2.62906309751