PDB_ID,Mutated_partner,Chain_ID,PDB_res#,Amino_acid,DDG_calc,DDG_obs,"Interface(O:no,1:yes)",PDBPosID,PubMedID,Location,FixedPDB_ID,FixedPDBResidueID
1A22,hGH,A,14,M,0,0.1,0,1A2214,7504735,Table_2,None,None
1A22,hGH,A,18,H,1.84,-0.5,1,1A2218,7504735,Table_2,None,None
1A22,hGH,A,21,H,0.78,0.2,1,1A2221,7504735,Table_2,None,None
1A22,hGH,A,22,Q,0.07,-0.2,1,1A2222,7504735,Table_2,None,None
1A22,hGH,A,25,F,1.3,-0.4,1,1A2225,7504735,Table_2,None,None
1A22,hGH,A,26,D,-0.05,-0.2,0,1A2226,7504735,Table_2,None,None
1A22,hGH,A,29,Q,0.01,-0.6,0,1A2229,7504735,Table_2,None,None
1A22,hGH,A,42,Y,2,0.2,1,1A2242,7504735,Table_2,None,None
1A22,hGH,A,45,L,1.15,1.2,1,1A2245,7504735,Table_2,None,None
1A22,hGH,A,46,Q,1.04,0.1,1,1A2246,7504735,Table_2,None,None
1A22,hGH,A,51,S,-0.02,0.3,0,1A2251,7504735,Table_2,None,None
1A22,hGH,A,56,E,0.97,0.4,1,1A2256,7504735,Table_2,None,None
1A22,hGH,A,62,S,-0.06,0.1,1,1A2262,7504735,Table_2,None,None
1A22,hGH,A,63,N,0.39,0.3,1,1A2263,7504735,Table_2,None,None
1A22,hGH,A,64,R,2,1.6,1,1A2264,7504735,Table_2,None,None
1A22,hGH,A,65,E,-0.11,-0.5,0,1A2265,7504735,Table_2,None,None
1A22,hGH,A,68,Q,1.81,0.6,1,1A2268,7504735,Table_2,None,None
1A22,hGH,A,164,Y,0.96,0.3,0,1A22153,7504735,Table_2,None,None
1A22,hGH,A,167,R,0.42,0.3,1,1A22156,7504735,Table_2,None,None
1A22,hGH,A,168,K,2.1,-0.2,1,1A22157,7504735,Table_2,None,None
1A22,hGH,A,171,D,8.73,0.8,1,1A22160,7504735,Table_2,None,None
1A22,hGH,A,172,K,0.74,2,1,1A22161,7504735,Table_2,None,None
1A22,hGH,A,174,E,0.85,-0.9,1,1A22163,7504735,Table_2,None,None
1A22,hGH,A,175,T,2.04,2,1,1A22164,7504735,Table_2,None,None
1A22,hGH,A,176,F,0.6,1.9,0,1A22165,7504735,Table_2,None,None
1A22,hGH,A,178,R,0.38,2.4,1,1A22167,7504735,Table_2,None,None
1A22,hGH,A,179,I,1,0.8,1,1A22168,7504735,Table_2,None,None
1A22,hGH,A,183,R,0.07,0.5,0,1A22172,7504735,Table_2,None,None
1A22,hGH,A,186,E,0,0,0,1A22175,7504735,Table_2,None,None
1A22,hGHbp,B,243,R,6.54,2.12,1,1A22191,9571026,Table_1,None,None
1A22,hGHbp,B,244,E,0.49,1.69,1,1A22192,9571026,Table_1,None,None
1A22,hGHbp,B,270,R,-0.06,0.69,0,1A22209,9571026,Table_1,None,None
1A22,hGHbp,B,271,R,1.31,0.54,1,1A22210,9571026,Table_1,None,None
1A22,hGHbp,B,273,T,0,0.11,0,1A22212,9571026,Table_1,None,None
1A22,hGHbp,B,274,Q,0.03,0,0,1A22213,9571026,Table_1,None,None
1A22,hGHbp,B,275,E,0.09,-0.1,1,1A22214,9571026,Table_1,None,None
1A22,hGHbp,B,276,W,2.86,0.51,1,1A22215,9571026,Table_1,None,None
1A22,hGHbp,B,280,W,0.04,-0.02,0,1A22219,9571026,Table_1,None,None
1A22,hGHbp,B,298,S,0.29,-0.05,0,1A22237,9571026,Table_1,None,None
1A22,hGHbp,B,302,S,-0.11,-0.2,1,1A22241,9571026,Table_1,None,None
1A22,hGHbp,B,303,I,0.31,1.61,1,1A22242,9571026,Table_1,None,None
1A22,hGHbp,B,304,W,5.38, >4.50,1,1A22243,9571026,Table_1,None,None
1A22,hGHbp,B,305,I,0.13,1.94,0,1A22244,9571026,Table_1,None,None
1A22,hGHbp,B,320,E,0.86,-0.19,1,1A22259,9571026,Table_1,None,None
1A22,hGHbp,B,321,K,0.05,0.08,0,1A22260,9571026,Table_1,None,None
1A22,hGHbp,B,324,S,-0.06,0.28,0,1A22263,9571026,Table_1,None,None
1A22,hGHbp,B,326,D,-0.31,0.99,1,1A22265,9571026,Table_1,None,None
1A22,hGHbp,B,327,E,1.11,0.97,1,1A22266,9571026,Table_1,None,None
1A22,hGHbp,B,364,D,1.37,1.49,1,1A22299,9571026,Table_1,None,None
1A22,hGHbp,B,365,I,0.09,2.13,0,1A22300,9571026,Table_1,None,None
1A22,hGHbp,B,366,Q,0.68,0.02,0,1A22301,9571026,Table_1,None,None
1A22,hGHbp,B,367,K,0.22,-0.02,1,1A22302,9571026,Table_1,None,None
1A22,hGHbp,B,369,W,3.63, >4.50,1,1A22304,9571026,Table_1,None,None
1A22,hGHbp,B,371,V,0.26,-0.64,1,1A22306,9571026,Table_1,None,None
1A22,hGHbp,B,395,T,0,-0.09,0,1A22340,9571026,Table_1,None,None
1A22,hGHbp,B,416,Q,-0.03,0.89,0,1A22351,9571026,Table_1,None,None
1A22,hGHbp,B,417,R,0.23,0.28,1,1A22352,9571026,Table_1,None,None
1A22,hGHbp,B,418,N,0.79,0.3,1,1A22353,9571026,Table_1,None,None
1A22,hGHbp,B,419,S,0.98,0.03,1,1A22354,9571026,Table_1,None,None
1A22,hGHbp,B,242,E,0,0.18,0,1A22190,9571026,Table_1,None,None
1A22,hGHbp,B,272,N,0,0.28,0,1A22211,9571026,Table_1,None,None
1A22,hGHbp,B,277,T,0,0.2,0,1A22216,9571026,Table_1,None,None
1A22,hGHbp,B,301,T,0.02,1.76,0,1A22240,9571026,Table_1,None,None
1A22,hGHbp,B,394,T,0,0.2,0,1A22319,9571026,Table_1,None,None
1A22,hGHbp,B,415,K,-0.02,0.79,0,1A22350,9571026,Table_1,None,None
1A4Y,Rnase_Inh,A,261,W,1.05,0.1,1,1A4Y261,10970748,Table_3,None,None
1A4Y,Rnase_Inh,A,263,W,2.27,1.2,1,1A4Y263,10970748,Table_3,None,None
1A4Y,Rnase_Inh,A,287,E,-0.02,0.1,0,1A4Y287,10970748,Table_3,None,None
1A4Y,Rnase_Inh,A,289,S,0.55,0,1,1A4Y289,10970748,Table_3,None,None
1A4Y,Rnase_Inh,A,318,W,2.19,1.5,1,1A4Y318,10970748,Table_3,None,None
1A4Y,Rnase_Inh,A,320,K,-0.21,-0.3,1,1A4Y320,10970748,Table_3,None,None
1A4Y,Rnase_Inh,A,344,E,1.37,0.2,1,1A4Y344,10970748,Table_3,None,None
1A4Y,Rnase_Inh,A,375,W,2.83,1,1,1A4Y375,10970748,Table_3,None,None
1A4Y,Rnase_Inh,A,401,E,0.02,0.9,1,1A4Y401,10970748,Table_3,None,None
1A4Y,Rnase_Inh,A,434,Y,3.03,3.3,1,1A4Y434,9050852,Table_4,None,None
1A4Y,Rnase_Inh,A,435,D,0.58,3.5,1,1A4Y435,9050852,Table_4,None,None
1A4Y,Rnase_Inh,A,437,Y,3.13,0.8,1,1A4Y437,9050852,Table_4,None,None
1A4Y,Rnase_Inh,A,457,R,-0.04,-0.2,0,1A4Y457,10970748,Table_2,None,None
1A4Y,Rnase_Inh,A,459,I,0.63,0.7,1,1A4Y459,10970748,Table_2,None,None
1A4Y,Angiogenin,B,5,R,2.54,2.3,1,1A4Y465,1281426,Table_VI,None,None
1A4Y,Angiogenin,B,8,H,0.84,0.9,1,1A4Y468,9050852,Table_1,None,None
1A4Y,Angiogenin,B,12,Q,1.07,0.3,1,1A4Y472,9050852,Table_1,None,None
1A4Y,Angiogenin,B,13,H,0.02,-0.3,0,1A4Y473,2479414,Inline,None,None
1A4Y,Angiogenin,B,31,R,2.77,0.2,1,1A4Y491,1281426,Table_VI,None,None
1A4Y,Angiogenin,B,32,R,0.18,0.9,1,1A4Y492,1281426,Table_VI,None,None
1A4Y,Angiogenin,B,33,R,0,0.3,0,1A4Y493,1281426,Table_VI,None,None
1A4Y,Angiogenin,B,66,R,0,0.2,0,1A4Y526,1281426,Table_VI,None,None
1A4Y,Angiogenin,B,68,N,0.52,0.2,1,1A4Y528,9050852,Table_1,None,None
1A4Y,Angiogenin,B,70,R,1.02,-0.2,0,1A4Y530,1281426,Table_VI,None,None
1A4Y,Angiogenin,B,84,H,1.01,0.2,1,1A4Y544,10970748,Table_3,None,None
1A4Y,Angiogenin,B,89,W,2.71,0.2,1,1A4Y549,10970748,Table_3,None,None
1A4Y,Angiogenin,B,108,E,1.73,-0.3,1,1A4Y568,9050852,Table_1,None,None
1A4Y,Angiogenin,B,114,H,1.69,0.65,1,1A4Y574,2479414,Inline,None,None
1AHW,TF,C,156,Y,4.6, >4.00,1,1AHW573,9480775,Table_4,None,None
1AHW,TF,C,167,T,-0.19,0,1,1AHW584,9480775,Table_4,None,None
1AHW,TF,C,170,T,-0.06,1,0,1AHW587,9480775,Table_4,None,None
1AHW,TF,C,176,L,0.01,1,0,1AHW593,9480775,Table_4,None,None
1AHW,TF,C,178,D,-0.08,-0.5,0,1AHW595,9480775,Table_4,None,None
1AHW,TF,C,197,T,-0.02,1.3,0,1AHW614,9480775,Table_4,None,None
1AHW,TF,C,198,V,-0.01,-0.3,0,1AHW615,9480775,Table_4,None,None
1AHW,TF,C,199,N,-0.01,1.1,0,1AHW616,9480775,Table_4,None,None
1BRS,Barnase,A,27,K,1.91,5.4,1,1BRS25,8494892,Table_II,None,None
1BRS,Barnase,A,54,D,-0.04,-0.8,0,1BRS52,8494892,Table_II,None,None
1BRS,Barnase,A,58,N,-0.03,3.1,0,1BRS56,8494892,Table_II,None,None
1BRS,Barnase,A,59,R,3.01,5.2,1,1BRS57,8494892,Table_II,None,None
1BRS,Barnase,A,60,E,1.65,-0.2,1,1BRS58,8494892,Table_II,None,None
1BRS,Barnase,A,73,E,-0.2,1.8,0,1BRS71,8494892,Table_II,None,None
1BRS,Barnase,A,87,R,4.44,5.5,1,1BRS85,7739054,Table_1,None,None
1BRS,Barnase,A,102,H,5.08,6.3,1,1BRS100,8494892,Table_II,None,None
1BRS,Barstar,D,29,Y,3.13,3.4,1,1BRS137,7739054,Table_1,None,None
1BRS,Barstar,D,35,D,1.42,4.5,1,1BRS143,7739054,Table_1,None,None
1BRS,Barstar,D,39,D,9.4,7.7,1,1BRS147,7739054,Table_1,None,None
1BRS,Barstar,D,42,T,1.69,1.8,1,1BRS150,7739054,Table_1,None,None
1BRS,Barstar,D,76,E,1.54,1.4,1,1BRS182,7739054,Table_1,None,None
1BRS,Barstar,D,80,E,-0.12,0.5,0,1BRS186,7739054,Table_1,None,None
1BXI,Im9,A,24,N,0,0.14,0,1BXI22,9425068,Table_1,None,None
1BXI,Im9,A,26,D,0,0.34,0,1BXI24,9425068,Table_1,None,None
1BXI,Im9,A,27,T,0.59,0.73,1,1BXI25,9425068,Table_1,None,None
1BXI,Im9,A,28,S,0,0.17,0,1BXI26,9425068,Table_1,None,None
1BXI,Im9,A,29,S,0.35,0.96,0,1BXI27,9425068,Table_1,None,None
1BXI,Im9,A,30,E,2.97,1.41,1,1BXI28,9425068,Table_1,None,None
1BXI,Im9,A,31,E,0.13,0.31,0,1BXI29,9425068,Table_1,None,None
1BXI,Im9,A,32,E,-0.01,0.22,0,1BXI30,9425068,Table_1,None,None
1BXI,Im9,A,33,L,1.02,3.42,1,1BXI31,9425068,Table_1,None,None
1BXI,Im9,A,34,V,0.98,2.58,1,1BXI32,9425068,Table_1,None,None
1BXI,Im9,A,35,K,0,0.19,0,1BXI33,9425068,Table_1,None,None
1BXI,Im9,A,36,L,0,0.91,0,1BXI34,9425068,Table_1,None,None
1BXI,Im9,A,37,V,0.5,1.66,1,1BXI35,9425068,Table_1,None,None
1BXI,Im9,A,38,T,1.34,0.9,1,1BXI36,9425068,Table_1,None,None
1BXI,Im9,A,41,E,-0.08,2.08,1,1BXI39,9425068,Table_1,None,None
1BXI,Im9,A,42,E,-0.03,0.66,0,1BXI40,9425068,Table_1,None,None
1BXI,Im9,A,44,T,0,0.3,0,1BXI42,9425068,Table_1,None,None
1BXI,Im9,A,45,E,0,0.21,0,1BXI43,9425068,Table_1,None,None
1BXI,Im9,A,46,H,0,0.83,0,1BXI44,9425068,Table_1,None,None
1BXI,Im9,A,48,S,-0.01,0.01,0,1BXI46,9425068,Table_1,None,None
1BXI,Im9,A,50,S,5.4,2.19,1,1BXI48,9425068,Table_1,None,None
1BXI,Im9,A,51,D,0.82,5.92,1,1BXI49,9425068,Table_1,None,None
1BXI,Im9,A,52,L,0,0.6,0,1BXI50,9425068,Table_1,None,None
1BXI,Im9,A,53,I,0.17,0.85,1,1BXI51,9425068,Table_1,None,None
1BXI,Im9,A,54,Y,2.86,4.83,1,1BXI52,9425068,Table_1,None,None
1BXI,Im9,A,55,Y,3.31,4.63,1,1BXI53,9425068,Table_1,None,None
1BXI,Im9,A,60,D,0,0.51,0,1BXI58,9425068,Table_1,None,None
1BXI,Im9,A,63,S,0,0.87,0,1BXI61,9425068,Table_1,None,None
1BXI,Im9,A,68,V,0,1.86,0,1BXI66,9425068,Table_1,None,None
1BXI,Im9,A,69,N,0,0.28,0,1BXI67,9425068,Table_1,None,None
1CBW,BPTI,D,11,T,0.18,0.2,1,1CBW250,8784199,Table_2,None,None
1CBW,BPTI,D,15,K,1.58,2,1,1CBW254,8784199,Table_2,None,None
1CBW,BPTI,D,17,R,1.53,0.5,1,1CBW256,8784199,Table_2,None,None
1CBW,BPTI,D,19,I,0.68,0.1,0,1CBW257,8784199,Table_2,None,None
1CBW,BPTI,D,20,R,-0.02,0.3,0,1CBW259,8784199,Table_2,None,None
1CBW,BPTI,D,34,V,0.3,0,0,1CBW273,8784199,Table_2,None,None
1CBW,BPTI,D,39,R,1.58,0.2,1,1CBW278,8784199,Table_2,None,None
1CBW,BPTI,D,46,K,0,0.1,0,1CBW285,8784199,Table_2,None,None
1DAN,TF,T,15,K,-0.02,-0.4,0,1DAN396,7654692,Figure_4,None,None
1DAN,TF,T,17,T,0.13,0.1,1,1DAN398,7654692,Figure_4,None,None
1DAN,TF,T,18,N,0.04,0.2,0,1DAN399,7654692,Figure_4,None,None
1DAN,TF,T,20,K,1.5,2.6,1,1DAN401,7654692,Figure_4,None,None
1DAN,TF,T,21,T,0,-0.2,0,1DAN402,7654692,Figure_4,None,None
1DAN,TF,T,22,I,0.65,0.7,1,1DAN403,7654692,Figure_4,None,None
1DAN,TF,T,24,E,0.64,0.7,1,1DAN405,7654692,Figure_4,None,None
1DAN,TF,T,26,E,0,0.1,0,1DAN407,7654692,Figure_4,None,None
1DAN,TF,T,28,K,0,0.1,0,1DAN409,7654692,Figure_4,None,None
1DAN,TF,T,37,Q,1.41,0.55,1,1DAN418,7654692,Figure_4,None,None
1DAN,TF,T,41,K,-0.04,0.35,0,1DAN422,7654692,Figure_4,None,None
1DAN,TF,T,42,S,-0.05,-0.1,0,1DAN423,7654692,Figure_4,None,None
1DAN,TF,T,44,D,0.89,0.7,1,1DAN425,7654692,Figure_4,None,None
1DAN,TF,T,46,K,0.1,0.25,0,1DAN427,7654692,Figure_4,None,None
1DAN,TF,T,47,S,0.56,0.05,1,1DAN428,7654692,Figure_4,None,None
1DAN,TF,T,48,K,0.43,0.4,1,1DAN429,7654692,Figure_4,None,None
1DAN,TF,T,50,F,2.61,0.4,1,1DAN431,7654692,Figure_4,None,None
1DAN,TF,T,52,T,0,0.4,0,1DAN433,7654692,Figure_4,None,None
1DAN,TF,T,58,D,1.24,2.18,1,1DAN439,7654692,Figure_4,None,None
1DAN,TF,T,68,K,0,-0.1,0,1DAN449,7654692,Figure_4,None,None
1DAN,TF,U,94,Y,2.7,1,1,1DAN465,7654692,Figure_4,None,None
1DAN,TF,U,99,E,0,-0.2,0,1DAN470,7654692,Figure_4,None,None
1DAN,TF,U,122,K,0,-0.1,0,1DAN493,7654692,Figure_4,None,None
1DAN,TF,U,128,E,-0.11,0.1,1,1DAN499,7654692,Figure_4,None,None
1DAN,TF,U,129,D,0,0,0,1DAN500,7654692,Figure_4,None,None
1DAN,TF,U,133,L,1.62,0,1,1DAN504,7654692,Figure_4,None,None
1DAN,TF,U,135,R,0.94,0.55,1,1DAN506,7654692,Figure_4,None,None
1DAN,TF,U,139,T,0,0,0,1DAN510,7654692,Figure_4,None,None
1DAN,TF,U,140,F,1.54,1.3,1,1DAN511,7654692,Figure_4,None,None
1DAN,TF,U,144,R,0,0,0,1DAN515,7654692,Figure_4,None,None
1DAN,TF,U,145,D,0,0,0,1DAN516,7654692,Figure_4,None,None
1DAN,TF,U,152,I,0,0.2,0,1DAN523,7654692,Figure_4,None,None
1DAN,TF,U,163,S,0.42,0,1,1DAN530,7654692,Figure_4,None,None
1DAN,TF,U,167,T,0,0.2,0,1DAN534,7654692,Figure_4,None,None
1DAN,TF,U,169,K,0,0.1,0,1DAN536,7654692,Figure_4,None,None
1DAN,TF,U,172,T,0,0,0,1DAN539,7654692,Figure_4,None,None
1DAN,TF,U,176,L,0,0.1,0,1DAN543,7654692,Figure_4,None,None
1DAN,TF,U,181,K,0,0,0,1DAN548,7654692,Figure_4,None,None
1DAN,TF,U,185,Y,0,-0.35,0,1DAN552,7654692,Figure_4,None,None
1DAN,TF,U,195,S,0,0,0,1DAN562,7654692,Figure_4,None,None
1DAN,TF,U,203,T,0.21,0.1,1,1DAN570,7654692,Figure_4,None,None
1DAN,TF,U,207,V,1.12,-0.2,1,1DAN574,7654692,Figure_4,None,None
1DAN,TF,U,208,E,0.28,0,1,1DAN575,7654692,Figure_4,None,None
1DFJ,Rnase_Inh,I,202,E,1.22,1,1,1DFJ326,10970748,Table_4,None,None
1DFJ,Rnase_Inh,I,257,W,1.57,1.3,1,1DFJ381,10970748,Table_4,None,None
1DFJ,Rnase_Inh,I,259,W,3.1,2.2,1,1DFJ383,10970748,Table_4,None,None
1DFJ,Rnase_Inh,I,283,E,-0.1,1.3,1,1DFJ407,10970748,Table_4,None,None
1DFJ,Rnase_Inh,I,285,S,-0.01,0.8,0,1DFJ409,10970748,Table_4,None,None
1DFJ,Rnase_Inh,I,314,W,1.27,1,1,1DFJ438,10970748,Table_4,None,None
1DFJ,Rnase_Inh,I,316,K,0.38,1.3,1,1DFJ440,10970748,Table_4,None,None
1DFJ,Rnase_Inh,I,340,E,-0.12,1.6,0,1DFJ464,10970748,Table_4,None,None
1DFJ,Rnase_Inh,I,397,E,0.42,1.3,1,1DFJ521,10970748,Table_4,None,None
1DFJ,Rnase_Inh,I,453,R,0.21,0.8,1,1DFJ577,10970748,Table_4,None,None
1DFJ,Rnase_Inh,I,455,I,0.5,0.3,1,1DFJ579,10970748,Table_4,None,None
1DFJ,Rnase_Inh,I,430,Y,3.22,5.9,1,1DFJ554,9050852,Table_4,None,None
1DFJ,Rnase_Inh,I,431,D,0.16,3.6,1,1DFJ555,9050852,Table_4,None,None
1DFJ,Rnase_Inh,I,433,Y,3.73,2.6,1,1DFJ557,9050852,Table_4,None,None
1DN2,IgG,A,434,N,1.95, >1.50,1,1DN2198,10678837,"Inline,_p1282",None,None
1DN2,IgG,A,435,H,1.07, >1.50,1,1DN2199,10678837,"Inline,_p1282",None,None
1DN2,IgG,A,436,Y,4.32, >1.50,1,1DN2200,10678837,"Inline,_p1282",None,None
1DN2,Peptide,E,10,V,1.85, >2.00,1,1DN2217,10678837,"Inline,_p1282",None,None
1DN2,Peptide,E,11,W,3.99,>2.00,1,1DN2218,10678837,"Inline,_p1282",None,None
1F47,FTSZ_fragm,A,4,D,-0.15,0.7,1,1F474,10880432,Table_II,None,None
1F47,FTSZ_fragm,A,5,Y,1.65,0.9,1,1F475,10880432,Table_II,None,None
1F47,FTSZ_fragm,A,6,L,1.94,0.9,1,1F476,10880432,Table_II,None,None
1F47,FTSZ_fragm,A,7,D,-0.08,1.8,0,1F477,10880432,Table_II,None,None
1F47,FTSZ_fragm,A,8,I,2.07,2.5,1,1F478,10880432,Table_II,None,None
1F47,FTSZ_fragm,A,11,F,2.43,2.5,1,1F4711,10880432,Table_II,None,None
1F47,FTSZ_fragm,A,12,L,1.13,2.3,1,1F4712,10880432,Table_II,None,None
1F47,FTSZ_fragm,A,14,K,-0.12,0,0,1F4714,10880432,Table_II,None,None
1F47,FTSZ_fragm,A,15,Q,0.03,0,1,1F4715,10880432,Table_II,None,None
1FC2,Protein_A,C,147,N,0.61,0.6,1,1FC224,8332602,Table_II,None,None
1FC2,Protein_A,C,150,I,0.78,2.2,1,1FC227,8332602,Table_II,None,None
1FC2,Protein_A,C,154,K,0.16,1.2,1,1FC231,8332602,Table_II,None,None
1FCC,Protein_G,C,25,T,0.1,0.24,0,1FCC231,10452608,Table_1,None,None
1FCC,Protein_G,C,27,E,3.21, >4.90,1,1FCC233,10452608,Table_1,None,None
1FCC,Protein_G,C,28,K,0.99,1.3,1,1FCC234,10452608,Table_1,None,None
1FCC,Protein_G,C,31,K,1.91,3.5,1,1FCC237,10452608,Table_1,None,None
1FCC,Protein_G,C,35,N,1.18,2.4,1,1FCC241,10452608,Table_1,None,None
1FCC,Protein_G,C,40,D,-0.15,0.3,1,1FCC246,10452608,Table_1,None,None
1FCC,Protein_G,C,42,E,0.03,0.4,1,1FCC248,10452608,Table_1,None,None
1FCC,Protein_G,C,43,W,2.71,3.8,1,1FCC249,10452608,Table_1,None,None
1GC1,CD4,C,1,K,0,0.06,0,1GC11,2402498,Table_1,None,None
1GC1,CD4,C,2,K,0,-0.02,0,1GC12,2402498,Table_1,None,None
1GC1,CD4,C,8,K,0,0.1,0,1GC18,2402498,Table_1,None,None
1GC1,CD4,C,10,D,0,0,0,1GC110,2402498,Table_1,None,None
1GC1,CD4,C,11,T,0,0,0,1GC111,2402498,Table_1,None,None
1GC1,CD4,C,15,T,0,0.32,0,1GC115,2402498,Table_1,None,None
1GC1,CD4,C,19,S,0,0,0,1GC119,2402498,Table_1,None,None
1GC1,CD4,C,20,Q,0,-0.02,0,1GC120,2402498,Table_1,None,None
1GC1,CD4,C,21,K,0,-0.13,0,1GC121,2402498,Table_1,None,None
1GC1,CD4,C,22,K,0,0.24,0,1GC122,2402498,Table_1,None,None
1GC1,CD4,C,23,S,0.27,0.29,0,1GC123,2402498,Table_1,None,None
1GC1,CD4,C,25,Q,0.42,0.03,1,1GC125,2402498,Table_1,None,None
1GC1,CD4,C,27,H,0.8,0.28,1,1GC127,2402498,Table_1,None,None
1GC1,CD4,C,29,K,2.46,0.59,1,1GC129,2402498,Table_1,None,None
1GC1,CD4,C,30,N,0,0.17,0,1GC130,2402498,Table_1,None,None
1GC1,CD4,C,31,S,0,0.1,0,1GC131,2402498,Table_1,None,None
1GC1,CD4,C,32,N,0,0.18,0,1GC132,2402498,Table_1,None,None
1GC1,CD4,C,33,Q,0.03,0.1,0,1GC133,2402498,Table_1,None,None
1GC1,CD4,C,35,K,0.56,0.32,1,1GC135,2402498,Table_1,None,None
1GC1,CD4,C,39,N,0,0.46,0,1GC139,2402498,Table_1,None,None
1GC1,CD4,C,40,Q,0.75,-0.41,1,1GC140,2402498,Table_1,None,None
1GC1,CD4,C,42,S,0.2,0,1,1GC142,2402498,Table_1,None,None
1GC1,CD4,C,44,L,0.07,1.04,1,1GC144,2402498,Table_1,None,None
1GC1,CD4,C,45,T,0.32,-0.15,1,1GC145,2402498,Table_1,None,None
1GC1,CD4,C,49,S,0,0.6,0,1GC149,2402498,Table_1,None,None
1GC1,CD4,C,50,K,0,0.05,0,1GC150,2402498,Table_1,None,None
1GC1,CD4,C,52,N,1.01,0.7,1,1GC152,2402498,Table_1,None,None
1GC1,CD4,C,53,D,0,0.3,0,1GC153,2402498,Table_1,None,None
1GC1,CD4,C,56,D,-0.03,-0.07,0,1GC156,2402498,Table_1,None,None
1GC1,CD4,C,58,R,0.02,0.13,0,1GC158,2402498,Table_1,None,None
1GC1,CD4,C,59,R,1.02,1.16,1,1GC159,2402498,Table_1,None,None
1GC1,CD4,C,60,S,0.13,-0.09,1,1GC160,2402498,Table_1,None,None
1GC1,CD4,C,63,D,-0.05,-0.32,1,1GC163,2402498,Table_1,None,None
1GC1,CD4,C,64,Q,1.16,0.44,1,1GC164,2402498,Table_1,None,None
1GC1,CD4,C,66,N,0,-0.03,0,1GC166,2402498,Table_1,None,None
1GC1,CD4,C,72,K,0,-0.02,0,1GC172,2402498,Table_1,None,None
1GC1,CD4,C,73,N,0,-0.11,0,1GC173,2402498,Table_1,None,None
1GC1,CD4,C,75,K,0,0.16,0,1GC175,2402498,Table_1,None,None
1GC1,CD4,C,77,E,0,0.56,0,1GC177,2402498,Table_1,None,None
1GC1,CD4,C,81,T,0, >1.50,0,1GC181,2402498,Table_1,None,None
1GC1,CD4,C,85,E,2.1,1.31,0,1GC185,2402498,Table_1,None,None
1GC1,CD4,C,86,V,0,-0.07,0,1GC186,2402498,Table_1,None,None
1GC1,CD4,C,87,E,-0.06,0.22,0,1GC187,2402498,Table_1,None,None
1GC1,CD4,C,88,D,0,-0.07,0,1GC188,2402498,Table_1,None,None
1GC1,CD4,C,89,Q,0,0.17,0,1GC189,2402498,Table_1,None,None
1GC1,CD4,C,90,K,-0.04,0.05,0,1GC190,2402498,Table_1,None,None
1GC1,CD4,C,91,E,0,-0.13,0,1GC191,2402498,Table_1,None,None
1GC1,CD4,C,92,E,0,0.02,0,1GC192,2402498,Table_1,None,None
1GC1,CD4,C,94,Q,0,-0.11,0,1GC194,2402498,Table_1,None,None
1JCK,SEC3,B,20,T,1.26,1.4,1,1JCK496,9500785,Table_1,None,None
1JCK,SEC3,B,23,N,1.98, >2.50,1,1JCK499,9500785,Table_1,None,None
1JCK,SEC3,B,26,Y,0.92,1.7,1,1JCK502,9500785,Table_1,None,None
1JCK,SEC3,B,60,N,0.82,1.3,1,1JCK536,9500785,Table_1,None,None
1JCK,SEC3,B,90,Y,1, >2.50,1,1JCK566,9500785,Table_1,None,None
1JCK,SEC3,B,91,V,1.02,2.1,1,1JCK567,9500785,Table_1,None,None
1JCK,SEC3,B,103,K,-0.26,0.4,0,1JCK579,9500785,Table_1,None,None
1JCK,SEC3,B,176,F,0.63,1.9,1,1JCK652,9500785,Table_1,None,None
1JCK,SEC3,B,210,Q,1.12, >2.50,1,1JCK686,9500785,Table_1,None,None
1JRH,A6,L,27,E,0.67,0.54,1,1JRH27,11123892,Table_1,None,None
1JRH,A6,L,28,D,0.67,0.44,1,1JRH28,11123892,Table_1,None,None
1JRH,A6,L,30,Y,1.08,1.1,1,1JRH30,11123892,Table_1,None,None
1JRH,A6,L,91,Y,0.28,0.58,1,1JRH91,11123892,Table_1,None,None
1JRH,A6,L,92,W,3.01,2.8,1,1JRH92,11123892,Table_1,None,None
1JRH,A6,L,93,S,0.54,-0.65,1,1JRH93,11123892,Table_1,None,None
1JRH,A6,L,94,T,0.36,0.38,1,1JRH94,11123892,Table_1,None,None
1JRH,A6,L,96,W,0.59,1.7,1,1JRH95,11123892,Table_1,None,None
1JRH,A6,H,32,Y,1.63,1.4,1,1JRH199,11123892,Table_1,None,None
1JRH,A6,H,52,W,1.55,2.7,1,1JRH221,11123892,Table_1,None,None
1JRH,A6,H,53,W,0.73,2.4,1,1JRH222,11123892,Table_1,None,None
1JRH,A6,H,54,D,1.64,1.9,1,1JRH223,11123892,Table_1,None,None
1JRH,A6,H,55,D,0,1.7,0,1JRH224,11123892,Table_1,None,None
1JRH,A6,H,56,D,0.49,1.8,1,1JRH225,11123892,Table_1,None,None
1JRH,A6,H,58,Y,2.19,1.2,1,1JRH227,11123892,Table_1,None,None
1JRH,A6,H,95,R,1.49,0.54,1,1JRH267,11123892,Table_1,None,None
1JRH,A6,H,98,F,0,0,0,1JRH270,11123892,Table_1,None,None
1JRH,A6,H,99,Y,1.98,1.1,1,1JRH271,11123892,Table_1,None,None
1JRH,A6,H,100B,H,3.38,1.7,1,1JRH274,11123892,Table_1,None,None
1JRH,Interferon_g,I,47,K,1.4,3.6,1,1JRH384,9878445,Table_1,None,None
1JRH,Interferon_g,I,48,N,-0.01,-0.3,0,1JRH385,9878445,Table_1,None,None
1JRH,Interferon_g,I,49,Y,3.87,3.4,1,1JRH386,9878445,Table_1,None,None
1JRH,Interferon_g,I,51,V,1,1.9,1,1JRH388,9878445,Table_1,None,None
1JRH,Interferon_g,I,52,K,2.36,3,1,1JRH389,9878445,Table_1,None,None
1JRH,Interferon_g,I,53,N,2.74,3.9,1,1JRH390,9878445,Table_1,None,None
1JRH,Interferon_g,I,54,S,-0.03,0.3,0,1JRH391,9878445,Table_1,None,None
1JRH,Interferon_g,I,55,E,-0.1,-0.4,1,1JRH392,9878445,Table_1,None,None
1JRH,Interferon_g,I,79,N,0.03,-0.4,0,1JRH416,9878445,Table_1,None,None
1JRH,Interferon_g,I,82,W,1.35,4.5,1,1JRH419,9878445,Table_1,None,None
1JRH,Interferon_g,I,84,R,0.37,-0.3,1,1JRH421,9878445,Table_1,None,None
1JRH,Interferon_g,I,98,K,0.04,0,1,1JRH435,9878445,Table_1,None,None
1NMB,NC10,H,99,Y,1.27,1.5,1,1NMB212,9579662,Table_IV,None,None
1VFB,D1.3,A,30,H,0.26,0.8,0,1VFB30,8703938,Table_1,None,None
1VFB,D1.3,A,32,Y,1.3,1.3,1,1VFB32,8703938,Table_1,None,None
1VFB,D1.3,A,49,Y,0.42,0.8,1,1VFB49,8703938,Table_1,None,None
1VFB,D1.3,A,50,Y,1.54,0.4,1,1VFB50,8703938,Table_1,None,None
1VFB,D1.3,A,53,T,0.58,-0.23,1,1VFB53,8263942,Table_1,None,None
1VFB,D1.3,A,92,W,2.06,1.71,1,1VFB92,8263942,Table_1,None,None
1VFB,D1.3,A,93,S,0,0.11,1,1VFB93,8263942,Table_1,None,None
1VFB,D1.3,B,30,T,1.22,0.09,0,1VFB137,8263942,Table_1,None,None
1VFB,D1.3,B,32,Y,0.64,0.5,1,1VFB139,8703938,Table_1,None,None
1VFB,D1.3,B,52,W,1.75,1.23,1,1VFB159,8263942,Table_1,None,None
1VFB,D1.3,B,56,N,0.01,0.2,0,1VFB163,8703938,Table_1,None,None
1VFB,D1.3,B,58,D,-0.05,-0.2,0,1VFB165,8703938,Table_1,None,None
1VFB,D1.3,B,98,E,-0.03,1.1,0,1VFB205,8703938,Table_1,None,None
1VFB,D1.3,B,99,R,0.73,0.47,1,1VFB206,8263942,Table_1,None,None
1VFB,D1.3,B,100,D,3.03,3.1,1,1VFB207,8703938,Table_1,None,None
1VFB,D1.3,B,101,Y,3.29, >4.00,1,1VFB208,8703938,Table_1,None,None
1VFB,HEL,C,18,D,0.55,0.3,1,1VFB241,9609690,Table_2,None,None
1VFB,HEL,C,19,N,0.96,0.3,1,1VFB242,9609690,Table_2,None,None
1VFB,HEL,C,23,Y,0,0.4,0,1VFB246,9609690,Table_2,None,None
1VFB,HEL,C,24,S,0.97,0.8,1,1VFB247,9609690,Table_2,None,None
1VFB,HEL,C,116,K,0.83,0.7,1,1VFB339,9609690,Table_2,None,None
1VFB,HEL,C,118,T,0.1,0.8,1,1VFB341,9609690,Table_2,None,None
1VFB,HEL,C,119,D,1.75,1,1,1VFB342,9609690,Table_2,None,None
1VFB,HEL,C,120,V,0.23,0.9,1,1VFB343,9609690,Table_2,None,None
1VFB,HEL,C,121,Q,4.2,2.9,1,1VFB344,9609690,Table_2,None,None
1VFB,HEL,C,124,I,0.46,1.2,0,1VFB347,9609690,Table_2,None,None
1VFB,HEL,C,125,R,2.22,1.8,1,1VFB348,9609690,Table_2,None,None
1VFB,HEL,C,129,L,0.06,0.2,0,1VFB352,9609690,Table_2,None,None
2PTC,BPTI,I,15,K,4.16,2,1,2PTC238,8784199,Table_2,None,None
3HFM,HYHEL-10,L,31,N,1.86,5.2,1,3HFM31,10338006,Figure_1/Appendix,None,None
3HFM,HYHEL-10,L,32,N,1.27,5.13,1,3HFM32,10338006,Figure_1/Appendix,None,None
3HFM,HYHEL-10,L,50,Y,1.42,4.6,1,3HFM50,10338006,Figure_1/Appendix,None,None
3HFM,HYHEL-10,L,53,Q,0.83,0.96,1,3HFM53,10338006,Figure_1/Appendix,None,None
3HFM,HYHEL-10,L,96,Y,0.55,2.73,1,3HFM96,10338006,Figure_1/Appendix,None,None
3HFM,HYHEL-10,H,31,S,0.45,0.18,1,3HFM245,10338006,Figure_1/Appendix,None,None
3HFM,HYHEL-10,H,32,D,1.1,1.93,1,3HFM246,10338006,Figure_1/Appendix,None,None
3HFM,HYHEL-10,H,33,Y,2.9,6,1,3HFM247,10338006,Figure_1/Appendix,None,None
3HFM,HYHEL-10,H,50,Y,2.92,7.4,1,3HFM264,10338006,Figure_1/Appendix,None,None
3HFM,HYHEL-10,H,98,W,1,5.5,1,3HFM312,10338006,Figure_1/Appendix,None,None
3HFM,HYHEL-10,H,101,D,-0.04,3.75,0,3HFM315,10338006,Unknown,None,None
3HFM,HYHEL-10,H,53,Y,2.04,3.3,1,3HFM267,10338006,Figure_1/Appendix,None,None
3HFM,HYHEL-10,H,58,Y,1.77,1.7,1,3HFM272,10338006,Figure_1/Appendix,None,None
3HFM,HEL,Y,15,H,0.09,-0.5,0,3HFM444,10338006,Figure_1,None,None
3HFM,HEL,Y,20,Y,2.72,4.9,1,3HFM449,10338006,Figure_1/Appendix,None,None
3HFM,HEL,Y,21,R,3.47,1.07,1,3HFM450,10338006,Figure_1/Appendix,None,None
3HFM,HEL,Y,63,W,0.83,0.3,1,3HFM492,10338006,Figure_1,None,None
3HFM,HEL,Y,73,R,0.62,-0.2,1,3HFM502,10338006,Figure_1,None,None
3HFM,HEL,Y,75,L,1.3,1.25,1,3HFM504,10338006,Figure_1,None,None
3HFM,HEL,Y,89,T,0.17,0,1,3HFM518,10338006,Figure_1,None,None
3HFM,HEL,Y,93,N,1.53,0.6,1,3HFM522,10338006,Figure_1,None,None
3HFM,HEL,Y,96,K,2.13,7,1,3HFM525,10338006,Figure_1/Appendix,None,None
3HFM,HEL,Y,97,K,1.42,6.2,1,3HFM526,10338006,Figure_1/Appendix,None,None
3HFM,HEL,Y,98,I,0.1,-0.1,0,3HFM527,10338006,Figure_1,None,None
3HFM,HEL,Y,100,S,0.95,0.25,1,3HFM529,10338006,Figure_1,None,None
3HFM,HEL,Y,101,D,1.02,1.5,1,3HFM530,10338006,Figure_1,None,None
